#
# A fatal error has been detected by the Java Runtime Environment:
#
#  SIGSEGV (0xb) at pc=0x000078293405bfb1, pid=96833, tid=96834
#
# JRE version: OpenJDK Runtime Environment Temurin-25.0.3+9 (25.0.3+9) (build 25.0.3+9-LTS)
# Java VM: OpenJDK 64-Bit Server VM Temurin-25.0.3+9 (25.0.3+9-LTS, mixed mode, tiered, compressed oops, compressed class ptrs, g1 gc, linux-amd64)
# Problematic frame:
# C  [libgobject-2.0.so.0+0x3afb1]  g_type_parent+0x11
#
# Core dump will be written. Default location: Determined by the following: "/usr/share/apport/apport -p%p -s%s -c%c -d%d -P%P -u%u -g%g -F%F -- %E" (alternatively, falling back to /home/ducpv1/movie-booking/frontend/core.96833)
#
# If you would like to submit a bug report, please visit:
#   https://github.com/adoptium/adoptium-support/issues
# The crash happened outside the Java Virtual Machine in native code.
# See problematic frame for where to report the bug.
#

---------------  S U M M A R Y ------------

Command Line: -XX:+IgnoreUnrecognizedVMOptions -Dosgi.requiredJavaVersion=21 -Dfile.encoding=UTF-8 --sun-misc-unsafe-memory-access=allow --enable-native-access=ALL-UNNAMED --add-modules=ALL-DEFAULT --add-opens=java.base/java.io=ALL-UNNAMED --add-opens=java.base/java.lang=ALL-UNNAMED --add-opens=java.base/java.lang.reflect=ALL-UNNAMED --add-opens=java.base/java.net=ALL-UNNAMED --add-opens=java.base/java.nio=ALL-UNNAMED --add-opens=java.base/java.nio.charset=ALL-UNNAMED --add-opens=java.base/java.text=ALL-UNNAMED --add-opens=java.base/java.time=ALL-UNNAMED --add-opens=java.base/java.util=ALL-UNNAMED --add-opens=java.base/java.util.concurrent=ALL-UNNAMED --add-opens=java.base/java.util.concurrent.atomic=ALL-UNNAMED --add-opens=java.base/jdk.internal.vm=ALL-UNNAMED --add-opens=java.base/jdk.internal.misc=ALL-UNNAMED --add-opens=java.base/sun.nio.ch=ALL-UNNAMED --add-opens=java.base/sun.nio.fs=ALL-UNNAMED --add-opens=java.base/sun.security.ssl=ALL-UNNAMED --add-opens=java.base/sun.security.util=ALL-UNNAMED --add-opens=java.security.jgss/sun.security.jgss=ALL-UNNAMED --add-opens=java.security.jgss/sun.security.krb5=ALL-UNNAMED --add-opens=java.desktop/java.awt=ALL-UNNAMED --add-opens=java.desktop/java.awt.peer=ALL-UNNAMED --add-opens=java.sql/java.sql=ALL-UNNAMED -Xms64m -Xmx1024m -Ddbeaver.distribution.type=deb -Duser.home=/home/ducpv1/snap/dbeaver-ce/549 /snap/dbeaver-ce/549/usr/share/dbeaver-ce//plugins/org.jkiss.dbeaver.launcher_1.0.60.202608301738.jar -os linux -ws gtk -arch x86_64 -showsplash -launcher /snap/dbeaver-ce/549/usr/share/dbeaver-ce/dbeaver -name Dbeaver --launcher.library /snap/dbeaver-ce/549/usr/share/dbeaver-ce//plugins/org.eclipse.equinox.launcher.gtk.linux.x86_64_1.2.1500.v20250801-0854/eclipse_11916.so -startup /snap/dbeaver-ce/549/usr/share/dbeaver-ce//plugins/org.jkiss.dbeaver.launcher_1.0.60.202608301738.jar --launcher.overrideVmargs -exitdata 21 -vm /snap/dbeaver-ce/549/usr/share/dbeaver-ce/jre/bin/java -vmargs -XX:+IgnoreUnrecognizedVMOptions -Dosgi.requiredJavaVersion=21 -Dfile.encoding=UTF-8 --sun-misc-unsafe-memory-access=allow --enable-native-access=ALL-UNNAMED --add-modules=ALL-DEFAULT --add-opens=java.base/java.io=ALL-UNNAMED --add-opens=java.base/java.lang=ALL-UNNAMED --add-opens=java.base/java.lang.reflect=ALL-UNNAMED --add-opens=java.base/java.net=ALL-UNNAMED --add-opens=java.base/java.nio=ALL-UNNAMED --add-opens=java.base/java.nio.charset=ALL-UNNAMED --add-opens=java.base/java.text=ALL-UNNAMED --add-opens=java.base/java.time=ALL-UNNAMED --add-opens=java.base/java.util=ALL-UNNAMED --add-opens=java.base/java.util.concurrent=ALL-UNNAMED --add-opens=java.base/java.util.concurrent.atomic=ALL-UNNAMED --add-opens=java.base/jdk.internal.vm=ALL-UNNAMED --add-opens=java.base/jdk.internal.misc=ALL-UNNAMED --add-opens=java.base/sun.nio.ch=ALL-UNNAMED --add-opens=java.base/sun.nio.fs=ALL-UNNAMED --add-opens=java.base/sun.security.ssl=ALL-UNNAMED --add-opens=java.base/sun.security.util=ALL-UNNAMED --add-opens=java.security.jgss/sun.security.jgss=ALL-UNNAMED --add-opens=java.security.jgss/sun.security.krb5=ALL-UNNAMED --add-opens=java.desktop/java.awt=ALL-UNNAMED --add-opens=java.desktop/java.awt.peer=ALL-UNNAMED --add-opens=java.sql/java.sql=ALL-UNNAMED -Xms64m -Xmx1024m -Ddbeaver.distribution.type=deb -jar /snap/dbeaver-ce/549/usr/share/dbeaver-ce//plugins/org.jkiss.dbeaver.launcher_1.0.60.202608301738.jar

Host: Intel(R) Core(TM) i3-14100, 8 cores, 15G, Ubuntu 24.04.2 LTS
Time: Fri Sep 18 14:00:44 2026 +07 elapsed time: 2.945859 seconds (0d 0h 0m 2s)

---------------  T H R E A D  ---------------

Current thread (0x000078294c02e610):  JavaThread "main"             [_thread_in_native, id=96834, stack(0x0000782950405000,0x0000782950505000) (1024K)]

Stack: [0x0000782950405000,0x0000782950505000],  sp=0x0000782950501b28,  free space=1010k
Native frames: (J=compiled Java code, j=interpreted, Vv=VM code, C=native code)
C  [libgobject-2.0.so.0+0x3afb1]  g_type_parent+0x11
C  [libgobject-2.0.so.0+0x30a41]  g_signal_connect_data+0x211
C  [libswt-pi3-gtk-4973r12.so+0x4d5f2]  Java_org_eclipse_swt_internal_gtk_OS_g_1signal_1connect+0x58
Java frames: (J=compiled Java code, j=interpreted, Vv=VM code)
j  org.eclipse.swt.internal.gtk.OS.g_signal_connect(J[BJJ)I+0
j  org.eclipse.swt.widgets.Shell.hookEvents()V+21
j  org.eclipse.swt.widgets.Widget.createWidget(I)V+11
j  org.eclipse.swt.widgets.Control.createWidget(I)V+22
j  org.eclipse.swt.widgets.Scrollable.createWidget(I)V+2
j  org.eclipse.swt.widgets.Decorations.createWidget(I)V+2
j  org.eclipse.swt.widgets.Shell.<init>(Lorg/eclipse/swt/widgets/Display;Lorg/eclipse/swt/widgets/Shell;IJZ)V+167
j  org.eclipse.swt.widgets.Shell.internal_new(Lorg/eclipse/swt/widgets/Display;J)Lorg/eclipse/swt/widgets/Shell;+10
j  org.eclipse.ui.internal.WorkbenchPlugin.getSplashShell(Lorg/eclipse/swt/widgets/Display;)Lorg/eclipse/swt/widgets/Shell;+64
j  org.jkiss.dbeaver.ui.app.standalone.ApplicationWorkbenchWindowAdvisor.runWithSplashHidden(Ljava/lang/Runnable;)V+3
j  org.jkiss.dbeaver.ui.app.standalone.ApplicationWorkbenchWindowAdvisor.showProductConfigDialog()V+22
j  org.jkiss.dbeaver.ui.app.standalone.ApplicationWorkbenchWindowAdvisor.preWindowOpen()V+9
j  org.eclipse.ui.internal.WorkbenchWindow.fireWindowOpening()V+4
j  org.eclipse.ui.internal.WorkbenchWindow.setup()V+419
j  java.lang.invoke.LambdaForm$DMH+0x0000000013089800.invokeVirtual(Ljava/lang/Object;Ljava/lang/Object;)V+10 java.base@25.0.3
j  java.lang.invoke.LambdaForm$MH+0x0000000013380000.invoke(Ljava/lang/Object;Ljava/lang/Object;)Ljava/lang/Object;+31 java.base@25.0.3
J 1111 c1 jdk.internal.reflect.DirectMethodHandleAccessor.invoke(Ljava/lang/Object;[Ljava/lang/Object;)Ljava/lang/Object; java.base@25.0.3 (92 bytes) @ 0x0000782938ff22ac [0x0000782938ff1080+0x000000000000122c]
J 1109 c1 java.lang.reflect.Method.invoke(Ljava/lang/Object;[Ljava/lang/Object;)Ljava/lang/Object; java.base@25.0.3 (108 bytes) @ 0x0000782938ff4824 [0x0000782938ff4280+0x00000000000005a4]
j  org.eclipse.e4.core.internal.di.MethodRequestor.execute()Ljava/lang/Object;+77
j  org.eclipse.e4.core.internal.di.InjectorImpl.processAnnotated(Lorg/eclipse/e4/core/internal/di/AnnotationLookup$AnnotationProxy;Ljava/lang/Object;Ljava/lang/Class;Lorg/eclipse/e4/core/di/suppliers/PrimaryObjectSupplier;Lorg/eclipse/e4/core/di/suppliers/PrimaryObjectSupplier;Ljava/util/List;)V+190
j  org.eclipse.e4.core.internal.di.InjectorImpl.internalInject(Ljava/lang/Object;Lorg/eclipse/e4/core/di/suppliers/PrimaryObjectSupplier;Lorg/eclipse/e4/core/di/suppliers/PrimaryObjectSupplier;)V+175
j  org.eclipse.e4.core.internal.di.InjectorImpl.inject(Ljava/lang/Object;Lorg/eclipse/e4/core/di/suppliers/PrimaryObjectSupplier;)V+4
j  org.eclipse.e4.core.contexts.ContextInjectionFactory.inject(Ljava/lang/Object;Lorg/eclipse/e4/core/contexts/IEclipseContext;)V+13
j  org.eclipse.ui.internal.Workbench.createWorkbenchWindow(Lorg/eclipse/core/runtime/IAdaptable;Lorg/eclipse/ui/IPerspectiveDescriptor;Lorg/eclipse/e4/ui/model/application/ui/basic/MWindow;Z)Lorg/eclipse/ui/IWorkbenchWindow;+180
j  org.eclipse.ui.internal.Workbench.getActiveWorkbenchWindow()Lorg/eclipse/ui/IWorkbenchWindow;+179
j  org.jkiss.dbeaver.ui.app.standalone.ApplicationWorkbenchAdvisor.resetPerspectiveIfNeeded()V+3
j  org.jkiss.dbeaver.ui.app.standalone.ApplicationWorkbenchAdvisor.postStartup()V+17
j  org.eclipse.ui.internal.Workbench.lambda$19()V+4
j  org.eclipse.ui.internal.Workbench$$Lambda+0x000000001362b8c8.run()V+4
j  org.eclipse.e4.ui.internal.workbench.swt.PartRenderingEngine$5.run()V+432
j  org.eclipse.core.databinding.observable.Realm.runWithDefault(Lorg/eclipse/core/databinding/observable/Realm;Ljava/lang/Runnable;)V+12
j  org.eclipse.e4.ui.internal.workbench.swt.PartRenderingEngine.run(Lorg/eclipse/e4/ui/model/application/MApplicationElement;Lorg/eclipse/e4/core/contexts/IEclipseContext;)Ljava/lang/Object;+57
j  org.eclipse.e4.ui.internal.workbench.E4Workbench.createAndRunUI(Lorg/eclipse/e4/ui/model/application/MApplicationElement;)V+20
j  org.eclipse.ui.internal.Workbench.lambda$3(Lorg/eclipse/swt/widgets/Display;Lorg/eclipse/ui/application/WorkbenchAdvisor;[I)V+352
j  org.eclipse.ui.internal.Workbench$$Lambda+0x000000001342acb8.run()V+12
j  org.eclipse.core.databinding.observable.Realm.runWithDefault(Lorg/eclipse/core/databinding/observable/Realm;Ljava/lang/Runnable;)V+12
j  org.eclipse.ui.internal.Workbench.createAndRunWorkbench(Lorg/eclipse/swt/widgets/Display;Lorg/eclipse/ui/application/WorkbenchAdvisor;)I+16
j  org.eclipse.ui.PlatformUI.createAndRunWorkbench(Lorg/eclipse/swt/widgets/Display;Lorg/eclipse/ui/application/WorkbenchAdvisor;)I+2
j  org.jkiss.dbeaver.ui.app.standalone.DBeaverApplication.start(Lorg/eclipse/equinox/app/IApplicationContext;)Ljava/lang/Object;+772
j  org.eclipse.equinox.internal.app.EclipseAppHandle.run(Ljava/lang/Object;)Ljava/lang/Object;+138
j  org.eclipse.core.runtime.internal.adaptor.EclipseAppLauncher.runApplication(Ljava/lang/Object;)Ljava/lang/Object;+85
j  org.eclipse.core.runtime.internal.adaptor.EclipseAppLauncher.start(Ljava/lang/Object;)Ljava/lang/Object;+79
j  org.eclipse.core.runtime.adaptor.EclipseStarter.run(Ljava/lang/Object;)Ljava/lang/Object;+99
j  org.eclipse.core.runtime.adaptor.EclipseStarter.run([Ljava/lang/String;Ljava/lang/Runnable;)Ljava/lang/Object;+132
J 492 c1 java.lang.invoke.DirectMethodHandle$Holder.invokeStatic(Ljava/lang/Object;Ljava/lang/Object;Ljava/lang/Object;)Ljava/lang/Object; java.base@25.0.3 (15 bytes) @ 0x0000782938f24ab4 [0x0000782938f24780+0x0000000000000334]
j  java.lang.invoke.LambdaForm$MH+0x0000000013146800.invoke(Ljava/lang/Object;Ljava/lang/Object;Ljava/lang/Object;Ljava/lang/Object;)Ljava/lang/Object;+54 java.base@25.0.3
j  java.lang.invoke.LambdaForm$MH+0x0000000013146c00.invokeExact_MT(Ljava/lang/Object;Ljava/lang/Object;Ljava/lang/Object;Ljava/lang/Object;Ljava/lang/Object;)Ljava/lang/Object;+22 java.base@25.0.3
j  jdk.internal.reflect.DirectMethodHandleAccessor.invokeImpl(Ljava/lang/Object;[Ljava/lang/Object;)Ljava/lang/Object;+72 java.base@25.0.3
j  jdk.internal.reflect.DirectMethodHandleAccessor.invoke(Ljava/lang/Object;[Ljava/lang/Object;)Ljava/lang/Object;+23 java.base@25.0.3
j  java.lang.reflect.Method.invoke(Ljava/lang/Object;[Ljava/lang/Object;)Ljava/lang/Object;+102 java.base@25.0.3
j  org.jkiss.dbeaver.launcher.DBeaverLauncher.invokeFramework([Ljava/lang/String;[Ljava/net/URL;)V+205
j  org.jkiss.dbeaver.launcher.DBeaverLauncher.basicRun([Ljava/lang/String;)V+481
j  org.jkiss.dbeaver.launcher.DBeaverLauncher.run([Ljava/lang/String;)I+57
j  org.jkiss.dbeaver.launcher.DBeaverLauncher.main([Ljava/lang/String;)V+10
v  ~StubRoutines::call_stub 0x00007829403cffa6

siginfo: si_signo: 11 (SIGSEGV), si_code: 128 (SI_KERNEL), si_addr: 0x0000000000000000

Registers:
RAX=0x0000000000000001, RBX=0x000078294cd8f010, RCX=0x0000000000000000, RDX=0x000078294d25e4e0
RSP=0x0000782950501b28, RBP=0x0000782950501ba0, RSI=0x000078294cd90358, RDI=0x6a4c004223e3fffc
R8 =0x0000000000000134, R9 =0x6a4c004223e3ffff, R10=0x0000000000000135, R11=0x0000000000000135
R12=0x0000782950501b50, R13=0x0000000000000135, R14=0x00007828f8426d78, R15=0x0000782950501be0
RIP=0x000078293405bfb1, EFLAGS=0x0000000000010206, CSGSFS=0x002b000000000033, ERR=0x0000000000000000
  TRAPNO=0x000000000000000d

XMM[0]=0x454a424f5f53495f 0x4700796669746f6e
XMM[1]=0x0000000000000000 0x0000ffffffffffff
XMM[2]=0x0000000000000000 0x00ff000000000000
XMM[3]=0x0000000000000000 0xffff000000000000
XMM[4]=0x0000000000000000 0x000078294c000090
XMM[5]=0x000078293403d7b0 0x000078293403c1d0
XMM[6]=0x000078294c35c070 0x0000000000000000
XMM[7]=0x000078294cde9cc0 0x0000782900000052
XMM[8]=0x000078294d7384c0 0x0000782900000076
XMM[9]=0x262825ab262825ab 0x262825ab33196936
XMM[10]=0x0000000000000000 0x000000000cf1438b
XMM[11]=0xf73533c5f73533c5 0xf73533c52a4e9cfb
XMM[12]=0x0000000000000000 0x0000000033196936
XMM[13]=0x0000000000000000 0x00000000733e1653
XMM[14]=0x0000000000000000 0xa8c24779fb3e2a5a
XMM[15]=0x0000000000000000 0x0000000000000000
  MXCSR=0x00001fa7


Register to memory mapping:

RAX=0x0000000000000001 is an unknown value
RBX=0x000078294cd8f010 points into unknown readable memory: 0x0000000000000135 | 35 01 00 00 00 00 00 00
RCX=0x0 is null
RDX=0x000078294d25e4e0 points into unknown readable memory: 0x0000000000000001 | 01 00 00 00 00 00 00 00
RSP=0x0000782950501b28 is pointing into the stack for thread: 0x000078294c02e610
RBP=0x0000782950501ba0 is pointing into the stack for thread: 0x000078294c02e610
RSI=0x000078294cd90358 points into unknown readable memory: 0x000078294d25e4e0 | e0 e4 25 4d 29 78 00 00
RDI=0x6a4c004223e3fffc is an unknown value
R8 =0x0000000000000134 is an unknown value
R9 =0x6a4c004223e3ffff is an unknown value
R10=0x0000000000000135 is an unknown value
R11=0x0000000000000135 is an unknown value
R12=0x0000782950501b50 is pointing into the stack for thread: 0x000078294c02e610
R13=0x0000000000000135 is an unknown value
R14=0x00007828f8426d78 points into unknown readable memory: 0x0000000000000000 | 00 00 00 00 00 00 00 00
R15=0x0000782950501be0 is pointing into the stack for thread: 0x000078294c02e610

Top of Stack: (sp=0x0000782950501b28)
0x0000782950501b28:   000078293404f878 000078294d739840   x..4)x..@.sM)x..
0x0000782950501b38:   000078294d1c89b0 000000000000064d   ...M)x..M.......
0x0000782950501b48:   0000000000000015 6a4c004223e3ffff   ...........#B.Lj
0x0000782950501b58:   000078290000003a 0000782950501ba0   :...)x....PP)x..
0x0000782950501b68:   20b4ec8480822000 0000782950501bb0   . ..... ..PP)x..
0x0000782950501b78:   000078294c4253f0 000078294d739840   .SBL)x..@.sM)x..
0x0000782950501b88:   00007828e05d46ff 000078294d739846   .F].(x..F.sM)x..
0x0000782950501b98:   00007828f8426d78 0000782950501c40   xmB.(x..@.PP)x..
0x0000782950501ba8:   0000782934051a41 0000782950501bf0   A..4)x....PP)x..
0x0000782950501bb8:   00007829510cc1f1 0000000000000000   ...Q)x..........
0x0000782950501bc8:   0000000000000068 0000000000000006   h...............
0x0000782950501bd8:   000000004d739840 0000796669746f6e   @.sM....notify..
0x0000782950501be8:   000078294c02e610 00000000c0e3fac8   ...L)x..........
0x0000782950501bf8:   0000000000000000 0000782950501c40   ........@.PP)x..
0x0000782950501c08:   20b4ec8480822000 0000782950501cb8   . ..... ..PP)x..
0x0000782950501c18:   000078294c02eab0 000078294d739840   ...L)x..@.sM)x..
0x0000782950501c28:   000078294c4253f0 00007828e05d46ff   .SBL)x...F].(x..
0x0000782950501c38:   0000000000000068 0000782950501d50   h.......P.PP)x..
0x0000782950501c48:   00007828e05685f2 0000782950501d50   ..V.(x..P.PP)x..
0x0000782950501c58:   00007829157ec240 0000782950501d10   @.~.)x....PP)x..
0x0000782950501c68:   0000000000000000 00007829157ec240   ........@.~.)x..
0x0000782950501c78:   0000782950501d60 000078294c02e610   `.PP)x.....L)x..
0x0000782950501c88:   00007829403dbf05 0000000000000000   ..=@)x..........
0x0000782950501c98:   00000000c0e3e608 00007829157ec2e0   ..........~.)x..
0x0000782950501ca8:   0000000000000000 0000782950501cd8   ..........PP)x..
0x0000782950501cb8:   0000782950501d50 00007829403d756e   P.PP)x..nu=@)x..
0x0000782950501cc8:   fffffffffffffff7 0000000000000000   ................
0x0000782950501cd8:   000000000000000a 00007829157fa030   ........0...)x..
0x0000782950501ce8:   0000000000000000 00000000c0e3e608   ................
0x0000782950501cf8:   00007829157ec240 0000000000000000   @.~.)x..........
0x0000782950501d08:   0000782950501d30 0000782950501db0   0.PP)x....PP)x..
0x0000782950501d18:   00007829403d756e 00000000c0e3e608   nu=@)x..........

Instructions: (pc=0x000078293405bfb1)
  0x000078293405beb1:   8d 35 c9 75 01 00 48 8d 15 cd e7 00 00 48 8d 3d
  0x000078293405bec1:   50 b1 00 00 e8 86 4c fd ff 48 8b 3b e8 1e fb ff
  0x000078293405bed1:   ff 5b 48 8d 3d 46 f3 00 00 41 5c 48 89 c6 5d 31
  0x000078293405bee1:   c0 e9 c9 4d fd ff 66 0f 1f 84 00 00 00 00 00 e8
  0x000078293405bef1:   8b 4d fd ff 49 89 04 24 31 c0 5b 41 5c 5d c3 f3
  0x000078293405bf01:   0f 1e fa 48 81 ff fc 03 00 00 76 0b 48 83 e7 fc
  0x000078293405bf11:   8b 47 28 c3 0f 1f 00 48 8d 05 21 72 02 00 48 c1
  0x000078293405bf21:   ef 02 48 8b 3c f8 31 c0 48 85 ff 75 e3 c3 90 f3
  0x000078293405bf31:   0f 1e fa 55 48 89 e5 41 54 53 48 85 ff 74 38 4c
  0x000078293405bf41:   8d 25 d9 7c 02 00 48 89 fb 4c 89 e7 e8 5e 4c fd
  0x000078293405bf51:   ff 48 8b 3d cf 7b 02 00 48 89 de e8 1f 4b fd ff
  0x000078293405bf61:   4c 89 e7 48 89 c3 e8 44 4e fd ff 48 89 d8 5b 41
  0x000078293405bf71:   5c 5d c3 0f 1f 40 00 31 db 48 8d 15 27 e6 00 00
  0x000078293405bf81:   48 8d 35 58 7d 01 00 48 8d 3d 86 b0 00 00 e8 bc
  0x000078293405bf91:   4b fd ff 48 89 d8 5b 41 5c 5d c3 0f 1f 40 00 f3
  0x000078293405bfa1:   0f 1e fa 48 81 ff fc 03 00 00 76 13 48 83 e7 fc
=>0x000078293405bfb1:   48 8b 47 50 c3 66 2e 0f 1f 84 00 00 00 00 00 48
  0x000078293405bfc1:   8d 05 79 71 02 00 48 c1 ef 02 48 8b 3c f8 31 c0
  0x000078293405bfd1:   48 85 ff 75 db c3 66 0f 1f 84 00 00 00 00 00 f3
  0x000078293405bfe1:   0f 1e fa 55 48 89 e5 41 57 41 56 41 55 49 89 d5
  0x000078293405bff1:   41 54 49 89 f4 53 48 89 fb 48 83 ec 08 48 81 ff
  0x000078293405c001:   fc 03 00 00 76 49 48 89 f8 48 83 e0 fc f6 40 16
  0x000078293405c011:   10 74 53 4c 89 e7 e8 84 ff ff ff 48 83 f8 08 74
  0x000078293405c021:   4e 48 8d 15 ff 34 01 00 48 83 c4 08 48 8d 35 dc
  0x000078293405c031:   7d 01 00 48 8d 3d da af 00 00 5b 41 5c 41 5d 41
  0x000078293405c041:   5e 41 5f 5d e9 06 4b fd ff 66 0f 1f 44 00 00 48
  0x000078293405c051:   89 fa 48 8d 05 e6 70 02 00 48 c1 ea 02 48 8b 04
  0x000078293405c061:   d0 48 85 c0 75 a7 48 8d 15 8a 34 01 00 eb b9 4c
  0x000078293405c071:   8d 35 69 7b 02 00 4c 8d 3d a2 7b 02 00 4c 89 f7
  0x000078293405c081:   e8 6a 4c fd ff 4c 89 ff e8 f2 4f fd ff 4c 89 e6
  0x000078293405c091:   48 89 df e8 37 29 ff ff 85 c0 74 3c 48 81 fb fc
  0x000078293405c0a1:   03 00 00 76 5a 48 83 e3 fc 49 81 fc fc 03 00 00


Stack slot to memory mapping:

stack at sp + 0 slots: 0x000078293404f878: <offset 0x000000000002e878> in /lib/x86_64-linux-gnu/libgobject-2.0.so.0 at 0x0000782934021000
stack at sp + 1 slots: 0x000078294d739840 points into unknown readable memory: 0x3a3a796669746f6e | 6e 6f 74 69 66 79 3a 3a
stack at sp + 2 slots: 0x000078294d1c89b0 points into unknown readable memory: 0x000078294cd8d990 | 90 d9 d8 4c 29 78 00 00
stack at sp + 3 slots: 0x000000000000064d is an unknown value
stack at sp + 4 slots: 0x0000000000000015 is an unknown value
stack at sp + 5 slots: 0x6a4c004223e3ffff is an unknown value
stack at sp + 6 slots: 0x000078290000003a points into unknown readable memory: 00 00 00 00 00 00
stack at sp + 7 slots: 0x0000782950501ba0 is pointing into the stack for thread: 0x000078294c02e610

Lock stack of current Java thread (top to bottom):


Compiled method (c1) 2950 1111   !   3       jdk.internal.reflect.DirectMethodHandleAccessor::invoke (92 bytes)
 total in heap  [0x0000782938ff0f88,0x0000782938ff2da8] = 7712
 main code      [0x0000782938ff1080,0x0000782938ff2c58] = 7128
 stub code      [0x0000782938ff2c58,0x0000782938ff2d90] = 312
 oops           [0x0000782938ff2d90,0x0000782938ff2da8] = 24
 mutable data [0x00007828f8647800,0x00007828f8647b00] = 768
 relocation     [0x00007828f8647800,0x00007828f8647aa0] = 672
 metadata       [0x00007828f8647aa0,0x00007828f8647b00] = 96
 immutable data [0x00007828f86468f0,0x00007828f86477f0] = 3840
 dependencies   [0x00007828f86468f0,0x00007828f8646910] = 32
 nul chk table  [0x00007828f8646910,0x00007828f86469a8] = 152
 handler table  [0x00007828f86469a8,0x00007828f8647038] = 1680
 scopes pcs     [0x00007828f8647038,0x00007828f86474b8] = 1152
 scopes data    [0x00007828f86474b8,0x00007828f86477f0] = 824

[Constant Pool (empty)]

[MachCode]
[Instructions begin]
  0x0000782938ff1080: 6666 660f | 1f84 0000 | 0000 0066 | 6666 9066 | 6690 448b | 5608 443b 

  0x0000782938ff1098: ;   {runtime_call Shared Runtime ic_miss_blob}
  0x0000782938ff1098: 5008 0f85 | 40c3 4207 
[Verified Entry Point]
  0x0000782938ff10a0: 8984 2400 | c0fe ff55 | 4881 ec20 | 0100 0090 | 4181 7f20 | 0700 0000 

  0x0000782938ff10b8: ;   {runtime_call Stub::method_entry_barrier}
  0x0000782938ff10b8: 7405 e861 | 3e41 0748 | 89b4 24a8 | 0000 0048 | 8994 24b8 

  0x0000782938ff10cc: ;   {metadata(method data for {method} {0x0000782914466dc8} 'invoke' '(Ljava/lang/Object;[Ljava/lang/Object;)Ljava/lang/Object;' in 'jdk/internal/reflect/DirectMethodHandleAccessor')}
  0x0000782938ff10cc: 0000 0048 | bfc8 44bd | 1429 7800 | 008b 9f90 | 0000 0083 | c302 899f | 9000 0000 | 81e3 fe07 
  0x0000782938ff10ec: 0000 85db | 0f84 4b17 | 0000 488b 

  0x0000782938ff10f8: ;   {metadata(method data for {method} {0x0000782914466dc8} 'invoke' '(Ljava/lang/Object;[Ljava/lang/Object;)Ljava/lang/Object;' in 'jdk/internal/reflect/DirectMethodHandleAccessor')}
  0x0000782938ff10f8: fe48 bbc8 | 44bd 1429 | 7800 0048 | 8383 d800 

  0x0000782938ff1108: ;   {metadata(method data for {method} {0x00007829144672d8} 'isStatic' '()Z' in 'jdk/internal/reflect/DirectMethodHandleAccessor')}
  0x0000782938ff1108: 0000 0148 | bfc0 47bd | 1429 7800 | 008b 9f90 | 0000 0083 | c302 899f | 9000 0000 | 81e3 feff 
  0x0000782938ff1128: 1f00 85db | 0f84 3017 | 0000 8b7e | 1081 e700 | 0200 0081 | ff00 0200 

  0x0000782938ff1140: ;   {metadata(method data for {method} {0x00007829144672d8} 'isStatic' '()Z' in 'jdk/internal/reflect/DirectMethodHandleAccessor')}
  0x0000782938ff1140: 0048 bfc0 | 47bd 1429 | 7800 00bb | d800 0000 | 7505 bbe8 | 0000 0048 | 8b04 1f48 | 8d40 0148 
  0x0000782938ff1160: 8904 1f0f | 851a 0000 

  0x0000782938ff1168: ;   {metadata(method data for {method} {0x00007829144672d8} 'isStatic' '()Z' in 'jdk/internal/reflect/DirectMethodHandleAccessor')}
  0x0000782938ff1168: 0048 bfc0 | 47bd 1429 | 7800 00ff | 87f8 0000 | 00bf 0100 | 0000 e905 | 0000 00bf | 0000 0000 
  0x0000782938ff1188: 83e7 0185 

  0x0000782938ff118c: ;   {metadata(method data for {method} {0x0000782914466dc8} 'invoke' '(Ljava/lang/Object;[Ljava/lang/Object;)Ljava/lang/Object;' in 'jdk/internal/reflect/DirectMethodHandleAccessor')}
  0x0000782938ff118c: ff48 bfc8 | 44bd 1429 | 7800 00bb | 0801 0000 | 7505 bb18 | 0100 0048 | 8b04 1f48 | 8d40 0148 
  0x0000782938ff11ac: 8904 1f48 | 898c 24b0 | 0000 000f | 8537 0000 | 0048 8bfe 

  0x0000782938ff11c0: ;   {metadata(method data for {method} {0x0000782914466dc8} 'invoke' '(Ljava/lang/Object;[Ljava/lang/Object;)Ljava/lang/Object;' in 'jdk/internal/reflect/DirectMethodHandleAccessor')}
  0x0000782938ff11c0: 48bb c844 | bd14 2978 | 0000 4883 | 8328 0100 | 0001 488b | fa48 8bd7 | 488b de48 

  0x0000782938ff11dc: ;   {optimized virtual_call}
  0x0000782938ff11dc: 8bf3 90e8 

  0x0000782938ff11e0: ; ImmutableOopMap {[168]=Oop [176]=Oop [184]=Oop }
                      ;*invokevirtual checkReceiver {reexecute=0 rethrow=0 return_oop=0}
                      ; - jdk.internal.reflect.DirectMethodHandleAccessor::invoke@9
  0x0000782938ff11e0: 3c76 0000 

  0x0000782938ff11e4: ;   {post_call_nop}
  0x0000782938ff11e4: 0f1f 8400 | 5c02 0000 | 488b b424 | a800 0000 

  0x0000782938ff11f4: ;   {metadata(method data for {method} {0x0000782914466dc8} 'invoke' '(Ljava/lang/Object;[Ljava/lang/Object;)Ljava/lang/Object;' in 'jdk/internal/reflect/DirectMethodHandleAccessor')}
  0x0000782938ff11f4: 8b56 0c48 | bfc8 44bd | 1429 7800 | 0048 8387 | 5801 0000 | 0148 8bf2 | 488b 9424 | b000 0000 
  0x0000782938ff1214: ;   {static_call}
  0x0000782938ff1214: 6666 90e8 

  0x0000782938ff1218: ; ImmutableOopMap {[168]=Oop [176]=Oop [184]=Oop }
                      ;*invokestatic checkArgumentCount {reexecute=0 rethrow=0 return_oop=0}
                      ; - jdk.internal.reflect.DirectMethodHandleAccessor::invoke@17
  0x0000782938ff1218: e44c 0000 

  0x0000782938ff121c: ;   {post_call_nop}
  0x0000782938ff121c: 0f1f 8400 | 9402 0001 | 488b b424 | a800 0000 

  0x0000782938ff122c: ;   {metadata(method data for {method} {0x0000782914466dc8} 'invoke' '(Ljava/lang/Object;[Ljava/lang/Object;)Ljava/lang/Object;' in 'jdk/internal/reflect/DirectMethodHandleAccessor')}
  0x0000782938ff122c: 488b d648 | b9c8 44bd | 1429 7800 | 0048 8381 | 6801 0000 

  0x0000782938ff1240: ;   {metadata(method data for {method} {0x00007829144670a0} 'invokeImpl' '(Ljava/lang/Object;[Ljava/lang/Object;)Ljava/lang/Object;' in 'jdk/internal/reflect/DirectMethodHandleAccessor')}
  0x0000782938ff1240: 0148 ba80 | 4bbd 1429 | 7800 008b | 8a90 0000 | 0083 c102 | 898a 9000 | 0000 81e1 | feff 1f00 
  0x0000782938ff1260: 85c9 0f84 | 1b16 0000 

  0x0000782938ff1268: ;   {metadata(method data for {method} {0x00007829144670a0} 'invokeImpl' '(Ljava/lang/Object;[Ljava/lang/Object;)Ljava/lang/Object;' in 'jdk/internal/reflect/DirectMethodHandleAccessor')}
  0x0000782938ff1268: 8b56 0c48 | b980 4bbd | 1429 7800 | 0041 b8e0 | 0000 0085 | d249 8bf8 | 41b8 f000 | 0000 4c0f 
  0x0000782938ff1288: 45c7 83fa | 0149 8bf8 | 41b8 0001 | 0000 4c0f | 45c7 83fa | 0249 8bf8 | 41b8 1001 | 0000 4c0f 
  0x0000782938ff12a8: 45c7 83fa | 0349 8bf8 | 41b8 2001 | 0000 4c0f | 45c7 4a8b | 3c01 41ba | 0100 0000 | 4903 fa4a 
  0x0000782938ff12c8: 893c 0185 | d20f 847f | 0c00 0083 | fa01 0f84 | 7f0a 0000 | 83fa 020f | 8405 0400 | 0083 fa03 
  0x0000782938ff12e8: 0f84 db01 | 0000 488b | 8c24 b000 | 0000 488b | 9424 b800 | 0000 8b7e | 180f 1f80 | 0000 0000 
  0x0000782938ff1308: ;   {other}
  0x0000782938ff1308: e9a6 1500 | 0090 9090 | 9090 483b 

  0x0000782938ff1314: ;   {metadata(method data for {method} {0x00007829144670a0} 'invokeImpl' '(Ljava/lang/Object;[Ljava/lang/Object;)Ljava/lang/Object;' in 'jdk/internal/reflect/DirectMethodHandleAccessor')}
  0x0000782938ff1314: 0748 bb80 | 4bbd 1429 | 7800 0048 | 8d9b 3803 | 0000 4885 | d275 0ef6 | 4308 0175 | 42f0 4883 
  0x0000782938ff1334: 4b08 01eb | 3a8b 4208 | 4c8b d048 | 3343 0848 | a9fc ffff | ff74 28a8 | 0275 2448 | f743 08fe 
  0x0000782938ff1354: ffff ff74 | 1649 8bc2 | 4833 4308 | 48a9 fcff | ffff 740b | 4883 4b08 | 02eb 0448 | 8943 0848 
  0x0000782938ff1374: 85c9 750e | f643 1801 | 7542 f048 | 834b 1801 | eb3a 8b41 | 084c 8bd0 | 4833 4318 | 48a9 fcff 
  0x0000782938ff1394: ffff 7428 | a802 7524 | 48f7 4318 | feff ffff | 7416 498b | c248 3343 | 1848 a9fc | ffff ff74 
  0x0000782938ff13b4: 0b48 834b | 1802 eb04 | 4889 4318 

  0x0000782938ff13c0: ;   {metadata(method data for {method} {0x00007829144670a0} 'invokeImpl' '(Ljava/lang/Object;[Ljava/lang/Object;)Ljava/lang/Object;' in 'jdk/internal/reflect/DirectMethodHandleAccessor')}
  0x0000782938ff13c0: 488b df48 | b880 4bbd | 1429 7800 | 008b 5b08 | 483b 9810 | 0300 0075 | 0d48 8380 | 1803 0000 
  0x0000782938ff13e0: 01e9 6000 | 0000 483b | 9820 0300 | 0075 0d48 | 8380 2803 | 0000 01e9 | 4a00 0000 | 4883 b810 
  0x0000782938ff1400: 0300 0000 | 7517 4889 | 9810 0300 | 0048 c780 | 1803 0000 | 0100 0000 | e929 0000 | 0048 83b8 
  0x0000782938ff1420: 2003 0000 | 0075 1748 | 8998 2003 | 0000 48c7 | 8028 0300 | 0001 0000 | 00e9 0800 | 0000 4883 
  0x0000782938ff1440: 8008 0300 | 0001 488b | f766 0f1f 

  0x0000782938ff144c: ;   {optimized virtual_call}
  0x0000782938ff144c: 4400 00e8 

  0x0000782938ff1450: ; ImmutableOopMap {[168]=Oop }
                      ;*invokevirtual invokeExact {reexecute=0 rethrow=0 return_oop=0}
                      ; - jdk.internal.reflect.DirectMethodHandleAccessor::invokeImpl@104
                      ; - jdk.internal.reflect.DirectMethodHandleAccessor::invoke@23
  0x0000782938ff1450: 8cc2 4207 

  0x0000782938ff1454: ;   {post_call_nop}
  0x0000782938ff1454: 0f1f 8400 | cc04 0002 

  0x0000782938ff145c: ;   {metadata(method data for {method} {0x00007829144670a0} 'invokeImpl' '(Ljava/lang/Object;[Ljava/lang/Object;)Ljava/lang/Object;' in 'jdk/internal/reflect/DirectMethodHandleAccessor')}
  0x0000782938ff145c: 48ba 804b | bd14 2978 | 0000 488d | 9258 0300 | 0048 85c0 | 750c f602 | 0175 3ff0 | 4883 0a01 
  0x0000782938ff147c: eb38 8b48 | 084c 8bd1 | 4833 0a48 | f7c1 fcff | ffff 7426 | f6c1 0275 | 2148 f702 | feff ffff 
  0x0000782938ff149c: 7415 498b | ca48 330a | 48f7 c1fc | ffff ff74 | 0948 830a | 02eb 0348 | 890a 4881 | c420 0100 
  0x0000782938ff14bc: ;   {poll_return}
  0x0000782938ff14bc: 005d 493b | 6728 0f87 | fa13 0000 | c348 8b8c | 24b0 0000 | 0048 8b94 | 24b8 0000 | 008b 5e18 
  0x0000782938ff14dc: ; implicit exception: dispatches to 0x0000782938ff28d8
  0x0000782938ff14dc: 8379 0c00 | 0f86 fc13 | 0000 448b | 4110 8379 | 0c01 0f86 | 0014 0000 | 448b 4914 | 8379 0c02 
  0x0000782938ff14fc: 0f86 0414 | 0000 8b79 | 1866 6690 

  0x0000782938ff1508: ;   {oop(a 'java/lang/invoke/MethodType'{0x00000000c014a978} = (Ljava/lang/Object;Ljava/lang/Object;Ljava/lang/Object;Ljava/lang/Object;)Ljava/lang/Object;)}
  0x0000782938ff1508: 48b8 78a9 | 14c0 0000 | 0000 483b 

  0x0000782938ff1514: ;   {metadata(method data for {method} {0x00007829144670a0} 'invokeImpl' '(Ljava/lang/Object;[Ljava/lang/Object;)Ljava/lang/Object;' in 'jdk/internal/reflect/DirectMethodHandleAccessor')}
  0x0000782938ff1514: 0348 b980 | 4bbd 1429 | 7800 0048 | 8d89 c002 | 0000 4885 | d275 0ef6 | 4108 0175 | 47f0 4883 
  0x0000782938ff1534: 4908 01eb | 3f44 8b5a | 084d 8bd3 | 4c33 5908 | 49f7 c3fc | ffff ff74 | 2b41 f6c3 | 0275 2548 
  0x0000782938ff1554: f741 08fe | ffff ff74 | 174d 8bda | 4c33 5908 | 49f7 c3fc | ffff ff74 | 0b48 8349 | 0802 eb04 
  0x0000782938ff1574: 4c89 5908 | 4d85 c075 | 0ef6 4118 | 0175 47f0 | 4883 4918 | 01eb 3f45 | 8b58 084d | 8bd3 4c33 
  0x0000782938ff1594: 5918 49f7 | c3fc ffff | ff74 2b41 | f6c3 0275 | 2548 f741 | 18fe ffff | ff74 174d | 8bda 4c33 
  0x0000782938ff15b4: 5918 49f7 | c3fc ffff | ff74 0b48 | 8349 1802 | eb04 4c89 | 5918 488b 

  0x0000782938ff15cc: ;   {metadata(method data for {method} {0x00007829144670a0} 'invokeImpl' '(Ljava/lang/Object;[Ljava/lang/Object;)Ljava/lang/Object;' in 'jdk/internal/reflect/DirectMethodHandleAccessor')}
  0x0000782938ff15cc: cb49 bb80 | 4bbd 1429 | 7800 008b | 4908 493b | 8b98 0200 | 0075 0d49 | 8383 a002 | 0000 01e9 
  0x0000782938ff15ec: 6000 0000 | 493b 8ba8 | 0200 0075 | 0d49 8383 | b002 0000 | 01e9 4a00 | 0000 4983 | bb98 0200 
  0x0000782938ff160c: 0000 7517 | 4989 8b98 | 0200 0049 | c783 a002 | 0000 0100 | 0000 e929 | 0000 0049 | 83bb a802 
  0x0000782938ff162c: 0000 0075 | 1749 898b | a802 0000 | 49c7 83b0 | 0200 0001 | 0000 00e9 | 0800 0000 | 4983 8390 
  0x0000782938ff164c: 0200 0001 | 498b c84d | 8bc1 4c8b | cf48 8bf8 

  0x0000782938ff165c: ;   {optimized virtual_call}
  0x0000782938ff165c: 488b f3e8 

  0x0000782938ff1660: ; ImmutableOopMap {[168]=Oop }
                      ;*invokevirtual invokeExact {reexecute=0 rethrow=0 return_oop=0}
                      ; - jdk.internal.reflect.DirectMethodHandleAccessor::invokeImpl@92
                      ; - jdk.internal.reflect.DirectMethodHandleAccessor::invoke@23
  0x0000782938ff1660: 0916 0000 

  0x0000782938ff1664: ;   {post_call_nop}
  0x0000782938ff1664: 0f1f 8400 | dc06 0003 

  0x0000782938ff166c: ;   {metadata(method data for {method} {0x00007829144670a0} 'invokeImpl' '(Ljava/lang/Object;[Ljava/lang/Object;)Ljava/lang/Object;' in 'jdk/internal/reflect/DirectMethodHandleAccessor')}
  0x0000782938ff166c: 48be 804b | bd14 2978 | 0000 488d | b6e0 0200 | 0048 85c0 | 750c f606 | 0175 40f0 | 4883 0e01 
  0x0000782938ff168c: eb39 8b78 | 084c 8bd7 | 4833 3e48 | f7c7 fcff | ffff 7427 | 40f6 c702 | 7521 48f7 | 06fe ffff 
  0x0000782938ff16ac: ff74 1549 | 8bfa 4833 | 3e48 f7c7 | fcff ffff | 7409 4883 | 0e02 eb03 

  0x0000782938ff16c4: ;   {metadata(method data for {method} {0x00007829144670a0} 'invokeImpl' '(Ljava/lang/Object;[Ljava/lang/Object;)Ljava/lang/Object;' in 'jdk/internal/reflect/DirectMethodHandleAccessor')}
  0x0000782938ff16c4: 4889 3e48 | be80 4bbd | 1429 7800 | 00ff 86f0 | 0200 0048 | 81c4 2001 

  0x0000782938ff16dc: ;   {poll_return}
  0x0000782938ff16dc: 0000 5d49 | 3b67 280f | 874d 1200 | 00c3 488b | 8c24 b000 | 0000 488b | 9424 b800 | 0000 8b7e 
  0x0000782938ff16fc: 1848 89bc | 24c8 0000 | 0083 790c | 000f 8647 | 1200 008b | 5910 4889 | 9c24 c000 | 0000 8379 
  0x0000782938ff171c: 0c01 0f86 | 4412 0000 | 8b41 1448 | 8984 24d0 

  0x0000782938ff172c: ;   {metadata(method data for {method} {0x00007829144670a0} 'invokeImpl' '(Ljava/lang/Object;[Ljava/lang/Object;)Ljava/lang/Object;' in 'jdk/internal/reflect/DirectMethodHandleAccessor')}
  0x0000782938ff172c: 0000 0048 | b980 4bbd | 1429 7800 | 0048 8d89 | 4802 0000 | 4885 d275 | 0ef6 4108 | 0175 47f0 
  0x0000782938ff174c: 4883 4908 | 01eb 3f44 | 8b42 084d | 8bd0 4c33 | 4108 49f7 | c0fc ffff | ff74 2b41 | f6c0 0275 
  0x0000782938ff176c: 2548 f741 | 08fe ffff | ff74 174d | 8bc2 4c33 | 4108 49f7 | c0fc ffff | ff74 0b48 | 8349 0802 
  0x0000782938ff178c: eb04 4c89 

  0x0000782938ff1790: ;   {metadata(method data for {method} {0x0000782914b19ab0} 'invokeExact_MT' '(Ljava/lang/Object;Ljava/lang/Object;Ljava/lang/Object;Ljava/lang/Object;Ljava/lang/Object;)Ljava/lang/Object;' in 'java/lang/invoke/LambdaForm$MH+0x0000000013146c00')}
  0x0000782938ff1790: 4108 48b9 | 209d b114 | 2978 0000 | 488d 8970 | 0200 0048 | 85ff 750c | f601 0175 | 41f0 4883 
  0x0000782938ff17b0: 0901 eb3a | 448b 4708 | 4d8b d04c | 3301 49f7 | c0fc ffff | ff74 2741 | f6c0 0275 | 2148 f701 
  0x0000782938ff17d0: feff ffff | 7415 4d8b | c24c 3301 | 49f7 c0fc | ffff ff74 | 0948 8309 | 02eb 034c | 8901 4885 
  0x0000782938ff17f0: d275 0ef6 | 4110 0175 | 47f0 4883 | 4910 01eb | 3f44 8b42 | 084d 8bd0 | 4c33 4110 | 49f7 c0fc 
  0x0000782938ff1810: ffff ff74 | 2b41 f6c0 | 0275 2548 | f741 10fe | ffff ff74 | 174d 8bc2 | 4c33 4110 | 49f7 c0fc 
  0x0000782938ff1830: ffff ff74 | 0b48 8349 | 1002 eb04 | 4c89 4110 

  0x0000782938ff1840: ;   {metadata(method data for {method} {0x00007829144670a0} 'invokeImpl' '(Ljava/lang/Object;[Ljava/lang/Object;)Ljava/lang/Object;' in 'jdk/internal/reflect/DirectMethodHandleAccessor')}
  0x0000782938ff1840: 48b9 804b | bd14 2978 | 0000 4883 | 8118 0200 

  0x0000782938ff1850: ;   {metadata(method data for {method} {0x0000782914b19ab0} 'invokeExact_MT' '(Ljava/lang/Object;Ljava/lang/Object;Ljava/lang/Object;Ljava/lang/Object;Ljava/lang/Object;)Ljava/lang/Object;' in 'java/lang/invoke/LambdaForm$MH+0x0000000013146c00')}
  0x0000782938ff1850: 0001 48b9 | 209d b114 | 2978 0000 | 448b 8190 | 0000 0041 | 83c0 0244 | 8981 9000 | 0000 4181 
  0x0000782938ff1870: e0fe ff1f | 0045 85c0 | 0f84 fc10 

  0x0000782938ff187c: ;   {metadata(method data for {method} {0x0000782914b19ab0} 'invokeExact_MT' '(Ljava/lang/Object;Ljava/lang/Object;Ljava/lang/Object;Ljava/lang/Object;Ljava/lang/Object;)Ljava/lang/Object;' in 'java/lang/invoke/LambdaForm$MH+0x0000000013146c00')}
  0x0000782938ff187c: 0000 48b9 | 209d b114 | 2978 0000 | 488d 8948 | 0100 0048 | 85ff 750e | f641 0801 | 7547 f048 
  0x0000782938ff189c: 8349 0801 | eb3f 448b | 4708 4d8b | d04c 3341 | 0849 f7c0 | fcff ffff | 742b 41f6 | c002 7525 
  0x0000782938ff18bc: 48f7 4108 | feff ffff | 7417 4d8b | c24c 3341 | 0849 f7c0 | fcff ffff | 740b 4883 | 4908 02eb 
  0x0000782938ff18dc: 044c 8941 

  0x0000782938ff18e0: ;   {metadata(method data for {method} {0x0000782914b19ab0} 'invokeExact_MT' '(Ljava/lang/Object;Ljava/lang/Object;Ljava/lang/Object;Ljava/lang/Object;Ljava/lang/Object;)Ljava/lang/Object;' in 'java/lang/invoke/LambdaForm$MH+0x0000000013146c00')}
  0x0000782938ff18e0: 0848 b920 | 9db1 1429 | 7800 0048 | 8381 3801 

  0x0000782938ff18f0: ;   {metadata(method data for {method} {0x000078291436ab40} 'checkExactType' '(Ljava/lang/invoke/MethodHandle;Ljava/lang/invoke/MethodType;)V' in 'java/lang/invoke/Invokers')}
  0x0000782938ff18f0: 0000 0148 | b9a8 6ebc | 1429 7800 | 0044 8b81 | 9000 0000 | 4183 c002 | 4489 8190 | 0000 0041 
  0x0000782938ff1910: 81e0 feff | 1f00 4585 | c00f 847c | 1000 0048 | 3b07 488b 

  0x0000782938ff1924: ;   {metadata(method data for {method} {0x000078291436ab40} 'checkExactType' '(Ljava/lang/invoke/MethodHandle;Ljava/lang/invoke/MethodType;)V' in 'java/lang/invoke/Invokers')}
  0x0000782938ff1924: cf49 b8a8 | 6ebc 1429 | 7800 008b | 4908 493b | 88e0 0000 | 0075 0d49 | 8380 e800 | 0000 01e9 
  0x0000782938ff1944: 6000 0000 | 493b 88f0 | 0000 0075 | 0d49 8380 | f800 0000 | 01e9 4a00 | 0000 4983 | b8e0 0000 
  0x0000782938ff1964: 0000 7517 | 4989 88e0 | 0000 0049 | c780 e800 | 0000 0100 | 0000 e929 | 0000 0049 | 83b8 f000 
  0x0000782938ff1984: 0000 0075 | 1749 8988 | f000 0000 | 49c7 80f8 | 0000 0001 | 0000 00e9 | 0800 0000 | 4983 80d8 
  0x0000782938ff19a4: 0000 0001 

  0x0000782938ff19a8: ;   {oop(a 'java/lang/invoke/MethodType'{0x00000000c0101698} = (Ljava/lang/Object;Ljava/lang/Object;Ljava/lang/Object;)Ljava/lang/Object;)}
  0x0000782938ff19a8: 8b4f 1049 | b898 1610 | c000 0000 | 0049 3bc8 

  0x0000782938ff19b8: ;   {metadata(method data for {method} {0x000078291436ab40} 'checkExactType' '(Ljava/lang/invoke/MethodHandle;Ljava/lang/invoke/MethodType;)V' in 'java/lang/invoke/Invokers')}
  0x0000782938ff19b8: 49b8 a86e | bc14 2978 | 0000 41b9 | 1801 0000 | 7506 41b9 | 0801 0000 | 4f8b 1c08 | 4d8d 5b01 
  0x0000782938ff19d8: 4f89 1c08 | 0f85 7d09 

  0x0000782938ff19e0: ;   {metadata(method data for {method} {0x0000782914b19ab0} 'invokeExact_MT' '(Ljava/lang/Object;Ljava/lang/Object;Ljava/lang/Object;Ljava/lang/Object;Ljava/lang/Object;)Ljava/lang/Object;' in 'java/lang/invoke/LambdaForm$MH+0x0000000013146c00')}
  0x0000782938ff19e0: 0000 48b9 | 209d b114 | 2978 0000 | 488d 8980 | 0100 0044 | 8b47 084d | 8bd0 4c33 | 4108 49f7 
  0x0000782938ff1a00: c0fc ffff | ff74 2b41 | f6c0 0275 | 2548 f741 | 08fe ffff | ff74 174d | 8bc2 4c33 | 4108 49f7 
  0x0000782938ff1a20: c0fc ffff | ff74 0b48 | 8349 0802 | eb04 4c89 

  0x0000782938ff1a30: ;   {metadata(method data for {method} {0x0000782914b19ab0} 'invokeExact_MT' '(Ljava/lang/Object;Ljava/lang/Object;Ljava/lang/Object;Ljava/lang/Object;Ljava/lang/Object;)Ljava/lang/Object;' in 'java/lang/invoke/LambdaForm$MH+0x0000000013146c00')}
  0x0000782938ff1a30: 4108 48b9 | 209d b114 | 2978 0000 | 4883 8170 | 0100 0001 

  0x0000782938ff1a44: ;   {metadata(method data for {method} {0x000078291436b188} 'checkCustomized' '(Ljava/lang/invoke/MethodHandle;)V' in 'java/lang/invoke/Invokers')}
  0x0000782938ff1a44: 48b9 406c | bc14 2978 | 0000 448b | 8190 0000 | 0041 83c0 | 0244 8981 | 9000 0000 | 4181 e0fe 
  0x0000782938ff1a64: ff1f 0045 | 85c0 0f84 | 510f 0000 

  0x0000782938ff1a70: ;   {metadata(method data for {method} {0x000078291436b188} 'checkCustomized' '(Ljava/lang/invoke/MethodHandle;)V' in 'java/lang/invoke/Invokers')}
  0x0000782938ff1a70: 48b9 406c | bc14 2978 | 0000 4883 | 81d8 0000 

  0x0000782938ff1a80: ;   {metadata(method data for {method} {0x000078291408fb80} 'isCompileConstant' '(Ljava/lang/Object;)Z' in 'java/lang/invoke/MethodHandleImpl')}
  0x0000782938ff1a80: 0001 48b9 | b86d bc14 | 2978 0000 | 448b 8190 | 0000 0041 | 83c0 0244 | 8981 9000 | 0000 4181 
  0x0000782938ff1aa0: e0fe ff1f | 0045 85c0 | 0f84 340f 

  0x0000782938ff1aac: ;   {metadata(method data for {method} {0x000078291436b188} 'checkCustomized' '(Ljava/lang/invoke/MethodHandle;)V' in 'java/lang/invoke/Invokers')}
  0x0000782938ff1aac: 0000 48b9 | 406c bc14 | 2978 0000 | ff81 e800 | 0000 8b4f | 148b 491c 

  0x0000782938ff1ac4: ;   {metadata(method data for {method} {0x000078291436b188} 'checkCustomized' '(Ljava/lang/invoke/MethodHandle;)V' in 'java/lang/invoke/Invokers')}
  0x0000782938ff1ac4: 4885 c948 | b940 6cbc | 1429 7800 | 0041 b808 | 0100 0075 | 0641 b818 | 0100 004e | 8b0c 014d 
  0x0000782938ff1ae4: 8d49 014e | 890c 010f | 8523 0000 

  0x0000782938ff1af0: ;   {metadata(method data for {method} {0x000078291436b188} 'checkCustomized' '(Ljava/lang/invoke/MethodHandle;)V' in 'java/lang/invoke/Invokers')}
  0x0000782938ff1af0: 0048 b940 | 6cbc 1429 | 7800 0048 | 8381 2801 | 0000 0148 

  0x0000782938ff1b04: ;   {static_call}
  0x0000782938ff1b04: 8bf7 90e8 

  0x0000782938ff1b08: ; ImmutableOopMap {[168]=Oop [184]=Oop [192]=Oop [200]=Oop [208]=Oop }
                      ;*invokestatic maybeCustomize {reexecute=0 rethrow=0 return_oop=0}
                      ; - java.lang.invoke.Invokers::checkCustomized@19
                      ; - java.lang.invoke.LambdaForm$MH/0x0000000013146c00::invokeExact_MT@15
                      ; - jdk.internal.reflect.DirectMethodHandleAccessor::invokeImpl@72
                      ; - jdk.internal.reflect.DirectMethodHandleAccessor::invoke@23
  0x0000782938ff1b08: 74d1 ffff 

  0x0000782938ff1b0c: ;   {post_call_nop}
  0x0000782938ff1b0c: 0f1f 8400 | 840b 0004 | 488b 9c24 | c000 0000 | 488b 9424 | b800 0000 

  0x0000782938ff1b24: ;   {metadata(method data for {method} {0x0000782914b19ab0} 'invokeExact_MT' '(Ljava/lang/Object;Ljava/lang/Object;Ljava/lang/Object;Ljava/lang/Object;Ljava/lang/Object;)Ljava/lang/Object;' in 'java/lang/invoke/LambdaForm$MH+0x0000000013146c00')}
  0x0000782938ff1b24: 48b9 209d | b114 2978 | 0000 488d | 89c8 0100 | 0048 85d2 | 750e f641 | 0801 7547 | f048 8349 
  0x0000782938ff1b44: 0801 eb3f | 448b 4208 | 4d8b d04c | 3341 0849 | f7c0 fcff | ffff 742b | 41f6 c002 | 7525 48f7 
  0x0000782938ff1b64: 4108 feff | ffff 7417 | 4d8b c24c | 3341 0849 | f7c0 fcff | ffff 740b | 4883 4908 | 02eb 044c 
  0x0000782938ff1b84: 8941 0848 | 85db 750e | f641 1801 | 7547 f048 | 8349 1801 | eb3f 448b | 4308 4d8b | d04c 3341 
  0x0000782938ff1ba4: 1849 f7c0 | fcff ffff | 742b 41f6 | c002 7525 | 48f7 4118 | feff ffff | 7417 4d8b | c24c 3341 
  0x0000782938ff1bc4: 1849 f7c0 | fcff ffff | 740b 4883 | 4918 02eb | 044c 8941 | 1848 8bbc | 24c8 0000 

  0x0000782938ff1be0: ;   {metadata(method data for {method} {0x0000782914b19ab0} 'invokeExact_MT' '(Ljava/lang/Object;Ljava/lang/Object;Ljava/lang/Object;Ljava/lang/Object;Ljava/lang/Object;)Ljava/lang/Object;' in 'java/lang/invoke/LambdaForm$MH+0x0000000013146c00')}
  0x0000782938ff1be0: 0048 b920 | 9db1 1429 | 7800 008b | 7f08 483b | b9a0 0100 | 0075 0d48 | 8381 a801 | 0000 01e9 
  0x0000782938ff1c00: 6000 0000 | 483b b9b0 | 0100 0075 | 0d48 8381 | b801 0000 | 01e9 4a00 | 0000 4883 | b9a0 0100 
  0x0000782938ff1c20: 0000 7517 | 4889 b9a0 | 0100 0048 | c781 a801 | 0000 0100 | 0000 e929 | 0000 0048 | 83b9 b001 
  0x0000782938ff1c40: 0000 0075 | 1748 89b9 | b001 0000 | 48c7 81b8 | 0100 0001 | 0000 00e9 | 0800 0000 | 4883 8198 
  0x0000782938ff1c60: 0100 0001 | 488b cb4c | 8b84 24d0 | 0000 0048 | 8bb4 24c8 

  0x0000782938ff1c74: ;   {optimized virtual_call}
  0x0000782938ff1c74: 0000 00e8 

  0x0000782938ff1c78: ; ImmutableOopMap {[168]=Oop }
                      ;*invokevirtual invokeBasic {reexecute=0 rethrow=0 return_oop=0}
                      ; - java.lang.invoke.LambdaForm$MH/0x0000000013146c00::invokeExact_MT@22
                      ; - jdk.internal.reflect.DirectMethodHandleAccessor::invokeImpl@72
                      ; - jdk.internal.reflect.DirectMethodHandleAccessor::invoke@23
  0x0000782938ff1c78: 0435 9807 

  0x0000782938ff1c7c: ;   {post_call_nop}
  0x0000782938ff1c7c: 0f1f 8400 | f40c 0005 

  0x0000782938ff1c84: ;   {metadata(method data for {method} {0x0000782914b19ab0} 'invokeExact_MT' '(Ljava/lang/Object;Ljava/lang/Object;Ljava/lang/Object;Ljava/lang/Object;Ljava/lang/Object;)Ljava/lang/Object;' in 'java/lang/invoke/LambdaForm$MH+0x0000000013146c00')}
  0x0000782938ff1c84: 48ba 209d | b114 2978 | 0000 488d | 92e8 0100 | 0048 85c0 | 750c f602 | 0175 3ff0 | 4883 0a01 
  0x0000782938ff1ca4: eb38 8b48 | 084c 8bd1 | 4833 0a48 | f7c1 fcff | ffff 7426 | f6c1 0275 | 2148 f702 | feff ffff 
  0x0000782938ff1cc4: 7415 498b | ca48 330a | 48f7 c1fc | ffff ff74 | 0948 830a | 02eb 0348 

  0x0000782938ff1cdc: ;   {metadata(method data for {method} {0x00007829144670a0} 'invokeImpl' '(Ljava/lang/Object;[Ljava/lang/Object;)Ljava/lang/Object;' in 'jdk/internal/reflect/DirectMethodHandleAccessor')}
  0x0000782938ff1cdc: 890a 48ba | 804b bd14 | 2978 0000 | 488d 9268 | 0200 0048 | 85c0 750c | f602 0175 | 3ff0 4883 
  0x0000782938ff1cfc: 0a01 eb38 | 8b48 084c | 8bd1 4833 | 0a48 f7c1 | fcff ffff | 7426 f6c1 | 0275 2148 | f702 feff 
  0x0000782938ff1d1c: ffff 7415 | 498b ca48 | 330a 48f7 | c1fc ffff | ff74 0948 | 830a 02eb | 0348 890a 

  0x0000782938ff1d38: ;   {metadata(method data for {method} {0x00007829144670a0} 'invokeImpl' '(Ljava/lang/Object;[Ljava/lang/Object;)Ljava/lang/Object;' in 'jdk/internal/reflect/DirectMethodHandleAccessor')}
  0x0000782938ff1d38: 48ba 804b | bd14 2978 | 0000 ff82 | 7802 0000 | 4881 c420 | 0100 005d 

  0x0000782938ff1d50: ;   {poll_return}
  0x0000782938ff1d50: 493b 6728 | 0f87 ae0c | 0000 c348 | 8b8c 24b0 | 0000 0048 | 8b94 24b8 | 0000 008b | 7e18 8379 
  0x0000782938ff1d70: 0c00 0f86 | b00c 0000 | 8b49 100f | 1f44 0000 

  0x0000782938ff1d80: ;   {oop(a 'java/lang/invoke/MethodType'{0x00000000c014a750} = (Ljava/lang/Object;Ljava/lang/Object;)Ljava/lang/Object;)}
  0x0000782938ff1d80: 49b8 50a7 | 14c0 0000 | 0000 483b 

  0x0000782938ff1d8c: ;   {metadata(method data for {method} {0x00007829144670a0} 'invokeImpl' '(Ljava/lang/Object;[Ljava/lang/Object;)Ljava/lang/Object;' in 'jdk/internal/reflect/DirectMethodHandleAccessor')}
  0x0000782938ff1d8c: 0748 bb80 | 4bbd 1429 | 7800 0048 | 8d9b d001 | 0000 4885 | d275 0ef6 | 4308 0175 | 42f0 4883 
  0x0000782938ff1dac: 4b08 01eb | 3a8b 4208 | 4c8b d048 | 3343 0848 | a9fc ffff | ff74 28a8 | 0275 2448 | f743 08fe 
  0x0000782938ff1dcc: ffff ff74 | 1649 8bc2 | 4833 4308 | 48a9 fcff | ffff 740b | 4883 4b08 | 02eb 0448 | 8943 0848 
  0x0000782938ff1dec: 85c9 750e | f643 1801 | 7542 f048 | 834b 1801 | eb3a 8b41 | 084c 8bd0 | 4833 4318 | 48a9 fcff 
  0x0000782938ff1e0c: ffff 7428 | a802 7524 | 48f7 4318 | feff ffff | 7416 498b | c248 3343 | 1848 a9fc | ffff ff74 
  0x0000782938ff1e2c: 0b48 834b | 1802 eb04 | 4889 4318 

  0x0000782938ff1e38: ;   {metadata(method data for {method} {0x00007829144670a0} 'invokeImpl' '(Ljava/lang/Object;[Ljava/lang/Object;)Ljava/lang/Object;' in 'jdk/internal/reflect/DirectMethodHandleAccessor')}
  0x0000782938ff1e38: 488b df48 | b880 4bbd | 1429 7800 | 008b 5b08 | 483b 98a8 | 0100 0075 | 0d48 8380 | b001 0000 
  0x0000782938ff1e58: 01e9 6000 | 0000 483b | 98b8 0100 | 0075 0d48 | 8380 c001 | 0000 01e9 | 4a00 0000 | 4883 b8a8 
  0x0000782938ff1e78: 0100 0000 | 7517 4889 | 98a8 0100 | 0048 c780 | b001 0000 | 0100 0000 | e929 0000 | 0048 83b8 
  0x0000782938ff1e98: b801 0000 | 0075 1748 | 8998 b801 | 0000 48c7 | 80c0 0100 | 0001 0000 | 00e9 0800 | 0000 4883 
  0x0000782938ff1eb8: 80a0 0100 | 0001 488b | f766 0f1f 

  0x0000782938ff1ec4: ;   {optimized virtual_call}
  0x0000782938ff1ec4: 4400 00e8 

  0x0000782938ff1ec8: ; ImmutableOopMap {[168]=Oop }
                      ;*invokevirtual invokeExact {reexecute=0 rethrow=0 return_oop=0}
                      ; - jdk.internal.reflect.DirectMethodHandleAccessor::invokeImpl@55
                      ; - jdk.internal.reflect.DirectMethodHandleAccessor::invoke@23
  0x0000782938ff1ec8: b10d 0000 

  0x0000782938ff1ecc: ;   {post_call_nop}
  0x0000782938ff1ecc: 0f1f 8400 | 440f 0006 

  0x0000782938ff1ed4: ;   {metadata(method data for {method} {0x00007829144670a0} 'invokeImpl' '(Ljava/lang/Object;[Ljava/lang/Object;)Ljava/lang/Object;' in 'jdk/internal/reflect/DirectMethodHandleAccessor')}
  0x0000782938ff1ed4: 48be 804b | bd14 2978 | 0000 488d | b6f0 0100 | 0048 85c0 | 750c f606 | 0175 40f0 | 4883 0e01 
  0x0000782938ff1ef4: eb39 8b78 | 084c 8bd7 | 4833 3e48 | f7c7 fcff | ffff 7427 | 40f6 c702 | 7521 48f7 | 06fe ffff 
  0x0000782938ff1f14: ff74 1549 | 8bfa 4833 | 3e48 f7c7 | fcff ffff | 7409 4883 | 0e02 eb03 

  0x0000782938ff1f2c: ;   {metadata(method data for {method} {0x00007829144670a0} 'invokeImpl' '(Ljava/lang/Object;[Ljava/lang/Object;)Ljava/lang/Object;' in 'jdk/internal/reflect/DirectMethodHandleAccessor')}
  0x0000782938ff1f2c: 4889 3e48 | be80 4bbd | 1429 7800 | 00ff 8600 | 0200 0048 | 81c4 2001 

  0x0000782938ff1f44: ;   {poll_return}
  0x0000782938ff1f44: 0000 5d49 | 3b67 280f | 8707 0b00 | 00c3 488b | 9424 b800 | 0000 8b7e | 1848 89bc | 24d8 0000 
  0x0000782938ff1f64: ;   {metadata(method data for {method} {0x00007829144670a0} 'invokeImpl' '(Ljava/lang/Object;[Ljava/lang/Object;)Ljava/lang/Object;' in 'jdk/internal/reflect/DirectMethodHandleAccessor')}
  0x0000782938ff1f64: 0048 bb80 | 4bbd 1429 | 7800 0048 | 8d9b 6801 | 0000 4885 | d275 0cf6 | 4308 0175 | 06f0 4883 
  0x0000782938ff1f84: ;   {metadata(method data for {method} {0x00007829143c23c8} 'invokeExact_MT' '(Ljava/lang/Object;Ljava/lang/Object;Ljava/lang/Object;)Ljava/lang/Object;' in 'java/lang/invoke/Invokers$Holder')}
  0x0000782938ff1f84: 4b08 0148 | bb38 4fbd | 1429 7800 | 0048 8d9b | 5002 0000 | 4885 ff75 | 0af6 0301 | 7505 f048 
  0x0000782938ff1fa4: 830b 0148 | 85d2 750c | f643 1001 | 7506 f048 | 834b 1001 

  0x0000782938ff1fb8: ;   {metadata(method data for {method} {0x00007829144670a0} 'invokeImpl' '(Ljava/lang/Object;[Ljava/lang/Object;)Ljava/lang/Object;' in 'jdk/internal/reflect/DirectMethodHandleAccessor')}
  0x0000782938ff1fb8: 48bb 804b | bd14 2978 | 0000 4883 | 8338 0100 

  0x0000782938ff1fc8: ;   {metadata(method data for {method} {0x00007829143c23c8} 'invokeExact_MT' '(Ljava/lang/Object;Ljava/lang/Object;Ljava/lang/Object;)Ljava/lang/Object;' in 'java/lang/invoke/Invokers$Holder')}
  0x0000782938ff1fc8: 0001 48bb | 384f bd14 | 2978 0000 | 8b83 9000 | 0000 83c0 | 0289 8390 | 0000 0025 | feff 1f00 
  0x0000782938ff1fe8: 85c0 0f84 | 7e0a 0000 

  0x0000782938ff1ff0: ;   {metadata(method data for {method} {0x00007829143c23c8} 'invokeExact_MT' '(Ljava/lang/Object;Ljava/lang/Object;Ljava/lang/Object;)Ljava/lang/Object;' in 'java/lang/invoke/Invokers$Holder')}
  0x0000782938ff1ff0: 48bb 384f | bd14 2978 | 0000 488d | 9b48 0100 | 0048 85ff | 750c f643 | 0801 7506 | f048 834b 
  0x0000782938ff2010: ;   {metadata(method data for {method} {0x00007829143c23c8} 'invokeExact_MT' '(Ljava/lang/Object;Ljava/lang/Object;Ljava/lang/Object;)Ljava/lang/Object;' in 'java/lang/invoke/Invokers$Holder')}
  0x0000782938ff2010: 0801 48bb | 384f bd14 | 2978 0000 | 4883 8338 | 0100 0001 

  0x0000782938ff2024: ;   {metadata(method data for {method} {0x000078291436ab40} 'checkExactType' '(Ljava/lang/invoke/MethodHandle;Ljava/lang/invoke/MethodType;)V' in 'java/lang/invoke/Invokers')}
  0x0000782938ff2024: 48bb a86e | bc14 2978 | 0000 8b83 | 9000 0000 | 83c0 0289 | 8390 0000 | 0025 feff | 1f00 85c0 
  0x0000782938ff2044: 0f84 450a | 0000 483b | 0748 8bdf 

  0x0000782938ff2050: ;   {metadata(method data for {method} {0x000078291436ab40} 'checkExactType' '(Ljava/lang/invoke/MethodHandle;Ljava/lang/invoke/MethodType;)V' in 'java/lang/invoke/Invokers')}
  0x0000782938ff2050: 48b8 a86e | bc14 2978 | 0000 8b5b | 0848 3b98 | e000 0000 | 750d 4883 | 80e8 0000 | 0001 e960 
  0x0000782938ff2070: 0000 0048 | 3b98 f000 | 0000 750d | 4883 80f8 | 0000 0001 | e94a 0000 | 0048 83b8 | e000 0000 
  0x0000782938ff2090: 0075 1748 | 8998 e000 | 0000 48c7 | 80e8 0000 | 0001 0000 | 00e9 2900 | 0000 4883 | b8f0 0000 
  0x0000782938ff20b0: 0000 7517 | 4889 98f0 | 0000 0048 | c780 f800 | 0000 0100 | 0000 e908 | 0000 0048 | 8380 d800 
  0x0000782938ff20d0: 0000 018b 

  0x0000782938ff20d4: ;   {oop(a 'java/lang/invoke/MethodType'{0x00000000c0102e28} = (Ljava/lang/Object;)Ljava/lang/Object;)}
  0x0000782938ff20d4: 5f10 48b8 | 282e 10c0 | 0000 0000 

  0x0000782938ff20e0: ;   {metadata(method data for {method} {0x000078291436ab40} 'checkExactType' '(Ljava/lang/invoke/MethodHandle;Ljava/lang/invoke/MethodType;)V' in 'java/lang/invoke/Invokers')}
  0x0000782938ff20e0: 483b d848 | b8a8 6ebc | 1429 7800 | 00b9 1801 | 0000 7505 | b908 0100 | 004c 8b04 | 084d 8d40 
  0x0000782938ff2100: 014c 8904 | 080f 850c 

  0x0000782938ff2108: ;   {metadata(method data for {method} {0x00007829143c23c8} 'invokeExact_MT' '(Ljava/lang/Object;Ljava/lang/Object;Ljava/lang/Object;)Ljava/lang/Object;' in 'java/lang/invoke/Invokers$Holder')}
  0x0000782938ff2108: 0200 0048 | bb38 4fbd | 1429 7800 | 0048 8383 | 7001 0000 

  0x0000782938ff211c: ;   {metadata(method data for {method} {0x000078291436b188} 'checkCustomized' '(Ljava/lang/invoke/MethodHandle;)V' in 'java/lang/invoke/Invokers')}
  0x0000782938ff211c: 0148 bb40 | 6cbc 1429 | 7800 008b | 8390 0000 | 0083 c002 | 8983 9000 | 0000 25fe | ff1f 0085 
  0x0000782938ff213c: c00f 8472 

  0x0000782938ff2140: ;   {metadata(method data for {method} {0x000078291436b188} 'checkCustomized' '(Ljava/lang/invoke/MethodHandle;)V' in 'java/lang/invoke/Invokers')}
  0x0000782938ff2140: 0900 0048 | bb40 6cbc | 1429 7800 | 0048 8383 | d800 0000 

  0x0000782938ff2154: ;   {metadata(method data for {method} {0x000078291408fb80} 'isCompileConstant' '(Ljava/lang/Object;)Z' in 'java/lang/invoke/MethodHandleImpl')}
  0x0000782938ff2154: 0148 bbb8 | 6dbc 1429 | 7800 008b | 8390 0000 | 0083 c002 | 8983 9000 | 0000 25fe | ff1f 0085 
  0x0000782938ff2174: c00f 845b 

  0x0000782938ff2178: ;   {metadata(method data for {method} {0x000078291436b188} 'checkCustomized' '(Ljava/lang/invoke/MethodHandle;)V' in 'java/lang/invoke/Invokers')}
  0x0000782938ff2178: 0900 0048 | bb40 6cbc | 1429 7800 | 00ff 83e8 | 0000 008b | 5f14 8b5b | 1c48 85db 

  0x0000782938ff2194: ;   {metadata(method data for {method} {0x000078291436b188} 'checkCustomized' '(Ljava/lang/invoke/MethodHandle;)V' in 'java/lang/invoke/Invokers')}
  0x0000782938ff2194: 48bb 406c | bc14 2978 | 0000 b808 | 0100 0075 | 05b8 1801 | 0000 488b | 0c03 488d | 4901 4889 
  0x0000782938ff21b4: 0c03 0f85 | 2800 0000 

  0x0000782938ff21bc: ;   {metadata(method data for {method} {0x000078291436b188} 'checkCustomized' '(Ljava/lang/invoke/MethodHandle;)V' in 'java/lang/invoke/Invokers')}
  0x0000782938ff21bc: 48bb 406c | bc14 2978 | 0000 4883 | 8328 0100 | 0001 488b | f766 0f1f 

  0x0000782938ff21d4: ;   {static_call}
  0x0000782938ff21d4: 4400 00e8 

  0x0000782938ff21d8: ; ImmutableOopMap {[168]=Oop [184]=Oop [216]=Oop }
                      ;*invokestatic maybeCustomize {reexecute=0 rethrow=0 return_oop=0}
                      ; - java.lang.invoke.Invokers::checkCustomized@19
                      ; - java.lang.invoke.Invokers$Holder::invokeExact_MT@14
                      ; - jdk.internal.reflect.DirectMethodHandleAccessor::invokeImpl@41
                      ; - jdk.internal.reflect.DirectMethodHandleAccessor::invoke@23
  0x0000782938ff21d8: a4ca ffff 

  0x0000782938ff21dc: ;   {post_call_nop}
  0x0000782938ff21dc: 0f1f 8400 | 5412 0007 | 488b 9424 | b800 0000 

  0x0000782938ff21ec: ;   {metadata(method data for {method} {0x00007829143c23c8} 'invokeExact_MT' '(Ljava/lang/Object;Ljava/lang/Object;Ljava/lang/Object;)Ljava/lang/Object;' in 'java/lang/invoke/Invokers$Holder')}
  0x0000782938ff21ec: 48be 384f | bd14 2978 | 0000 488d | b6c8 0100 | 0048 85d2 | 750c f646 | 0801 7506 | f048 834e 
  0x0000782938ff220c: 0801 488b | bc24 d800 

  0x0000782938ff2214: ;   {metadata(method data for {method} {0x00007829143c23c8} 'invokeExact_MT' '(Ljava/lang/Object;Ljava/lang/Object;Ljava/lang/Object;)Ljava/lang/Object;' in 'java/lang/invoke/Invokers$Holder')}
  0x0000782938ff2214: 0000 48be | 384f bd14 | 2978 0000 | 8b7f 0848 | 3bbe a001 | 0000 750d | 4883 86a8 | 0100 0001 
  0x0000782938ff2234: e960 0000 | 0048 3bbe | b001 0000 | 750d 4883 | 86b8 0100 | 0001 e94a | 0000 0048 | 83be a001 
  0x0000782938ff2254: 0000 0075 | 1748 89be | a001 0000 | 48c7 86a8 | 0100 0001 | 0000 00e9 | 2900 0000 | 4883 beb0 
  0x0000782938ff2274: 0100 0000 | 7517 4889 | beb0 0100 | 0048 c786 | b801 0000 | 0100 0000 | e908 0000 | 0048 8386 
  0x0000782938ff2294: 9801 0000 | 0148 8bb4 | 24d8 0000 | 0066 0f1f 

  0x0000782938ff22a4: ;   {optimized virtual_call}
  0x0000782938ff22a4: 4400 00e8 

  0x0000782938ff22a8: ; ImmutableOopMap {[168]=Oop }
                      ;*invokevirtual invokeBasic {reexecute=0 rethrow=0 return_oop=0}
                      ; - java.lang.invoke.Invokers$Holder::invokeExact_MT@19
                      ; - jdk.internal.reflect.DirectMethodHandleAccessor::invokeImpl@41
                      ; - jdk.internal.reflect.DirectMethodHandleAccessor::invoke@23
  0x0000782938ff22a8: d419 9707 

  0x0000782938ff22ac: ;   {post_call_nop}
  0x0000782938ff22ac: 0f1f 8400 | 2413 0008 

  0x0000782938ff22b4: ;   {metadata(method data for {method} {0x00007829143c23c8} 'invokeExact_MT' '(Ljava/lang/Object;Ljava/lang/Object;Ljava/lang/Object;)Ljava/lang/Object;' in 'java/lang/invoke/Invokers$Holder')}
  0x0000782938ff22b4: 48be 384f | bd14 2978 | 0000 488d | b6d8 0100 | 0048 85c0 | 750a f606 | 0175 05f0 | 4883 0e01 
  0x0000782938ff22d4: ;   {metadata(method data for {method} {0x00007829144670a0} 'invokeImpl' '(Ljava/lang/Object;[Ljava/lang/Object;)Ljava/lang/Object;' in 'jdk/internal/reflect/DirectMethodHandleAccessor')}
  0x0000782938ff22d4: 48be 804b | bd14 2978 | 0000 488d | b678 0100 | 0048 85c0 | 750a f606 | 0175 05f0 | 4883 0e01 
  0x0000782938ff22f4: ;   {metadata(method data for {method} {0x00007829144670a0} 'invokeImpl' '(Ljava/lang/Object;[Ljava/lang/Object;)Ljava/lang/Object;' in 'jdk/internal/reflect/DirectMethodHandleAccessor')}
  0x0000782938ff22f4: 48be 804b | bd14 2978 | 0000 ff86 | 8801 0000 | 4881 c420 | 0100 005d 

  0x0000782938ff230c: ;   {poll_return}
  0x0000782938ff230c: 493b 6728 | 0f87 e607 

  0x0000782938ff2314: ;   {metadata(method data for {method} {0x000078291436ab40} 'checkExactType' '(Ljava/lang/invoke/MethodHandle;Ljava/lang/invoke/MethodType;)V' in 'java/lang/invoke/Invokers')}
  0x0000782938ff2314: 0000 c348 | bea8 6ebc | 1429 7800 | 0048 8386 | 2801 0000 

  0x0000782938ff2328: ;   {oop(a 'java/lang/invoke/MethodType'{0x00000000c0102e28} = (Ljava/lang/Object;)Ljava/lang/Object;)}
  0x0000782938ff2328: 0148 b828 | 2e10 c000 | 0000 0048 | 8bf3 488b | d066 0f1f 

  0x0000782938ff233c: ;   {static_call}
  0x0000782938ff233c: 4400 00e8 

  0x0000782938ff2340: ; ImmutableOopMap {[168]=Oop [184]=Oop [216]=Oop }
                      ;*invokestatic newWrongMethodTypeException {reexecute=0 rethrow=0 return_oop=0}
                      ; - java.lang.invoke.Invokers::checkExactType@12
                      ; - java.lang.invoke.Invokers$Holder::invokeExact_MT@10
                      ; - jdk.internal.reflect.DirectMethodHandleAccessor::invokeImpl@41
                      ; - jdk.internal.reflect.DirectMethodHandleAccessor::invoke@23
  0x0000782938ff2340: 9cb9 4207 

  0x0000782938ff2344: ;   {post_call_nop}
  0x0000782938ff2344: 0f1f 8400 | bc13 0009 

  0x0000782938ff234c: ; implicit exception: dispatches to 0x0000782938ff2b12
                      ; ImmutableOopMap {rax=Oop [168]=Oop [184]=Oop [216]=Oop }
                      ;*athrow {reexecute=1 rethrow=0 return_oop=0}
                      ; - (reexecute) java.lang.invoke.Invokers::checkExactType@15
                      ; - java.lang.invoke.Invokers$Holder::invokeExact_MT@10
                      ; - jdk.internal.reflect.DirectMethodHandleAccessor::invokeImpl@41
                      ; - jdk.internal.reflect.DirectMethodHandleAccessor::invoke@23
                      ;   {section_word}
  0x0000782938ff234c: 483b 0048 | ba4f 23ff | 3829 7800 

  0x0000782938ff2358: ;   {runtime_call C1 Runtime handle_exception_nofpu_blob}
  0x0000782938ff2358: 00e8 8270 

  0x0000782938ff235c: ;   {metadata(method data for {method} {0x000078291436ab40} 'checkExactType' '(Ljava/lang/invoke/MethodHandle;Ljava/lang/invoke/MethodType;)V' in 'java/lang/invoke/Invokers')}
  0x0000782938ff235c: 4f07 9048 | bea8 6ebc | 1429 7800 | 0048 8386 | 2801 0000 

  0x0000782938ff2370: ;   {oop(a 'java/lang/invoke/MethodType'{0x00000000c0101698} = (Ljava/lang/Object;Ljava/lang/Object;Ljava/lang/Object;)Ljava/lang/Object;)}
  0x0000782938ff2370: 0149 b898 | 1610 c000 | 0000 0048 | 8bf1 498b | d066 0f1f 

  0x0000782938ff2384: ;   {static_call}
  0x0000782938ff2384: 4400 00e8 

  0x0000782938ff2388: ; ImmutableOopMap {[168]=Oop [184]=Oop [192]=Oop [200]=Oop [208]=Oop }
                      ;*invokestatic newWrongMethodTypeException {reexecute=0 rethrow=0 return_oop=0}
                      ; - java.lang.invoke.Invokers::checkExactType@12
                      ; - java.lang.invoke.LambdaForm$MH/0x0000000013146c00::invokeExact_MT@11
                      ; - jdk.internal.reflect.DirectMethodHandleAccessor::invokeImpl@72
                      ; - jdk.internal.reflect.DirectMethodHandleAccessor::invoke@23
  0x0000782938ff2388: 54b9 4207 

  0x0000782938ff238c: ;   {post_call_nop}
  0x0000782938ff238c: 0f1f 8400 | 0414 000b 

  0x0000782938ff2394: ; implicit exception: dispatches to 0x0000782938ff2b17
                      ; ImmutableOopMap {rax=Oop [168]=Oop [184]=Oop [192]=Oop [200]=Oop [208]=Oop }
                      ;*athrow {reexecute=1 rethrow=0 return_oop=0}
                      ; - (reexecute) java.lang.invoke.Invokers::checkExactType@15
                      ; - java.lang.invoke.LambdaForm$MH/0x0000000013146c00::invokeExact_MT@11
                      ; - jdk.internal.reflect.DirectMethodHandleAccessor::invokeImpl@72
                      ; - jdk.internal.reflect.DirectMethodHandleAccessor::invoke@23
                      ;   {section_word}
  0x0000782938ff2394: 483b 0048 | ba97 23ff | 3829 7800 

  0x0000782938ff23a0: ;   {runtime_call C1 Runtime handle_exception_nofpu_blob}
  0x0000782938ff23a0: 00e8 3a70 | 4f07 9049 | 8b87 e005 | 0000 4d33 | d24d 8997 | e005 0000 | 4d33 d24d | 8997 e805 
  0x0000782938ff23c0: 0000 488b | b424 a800 

  0x0000782938ff23c8: ;   {metadata(method data for {method} {0x0000782914466dc8} 'invoke' '(Ljava/lang/Object;[Ljava/lang/Object;)Ljava/lang/Object;' in 'jdk/internal/reflect/DirectMethodHandleAccessor')}
  0x0000782938ff23c8: 0000 48ba | c844 bd14 | 2978 0000 | 4883 8208 | 0200 0001 

  0x0000782938ff23dc: ;   {metadata(method data for {method} {0x0000782914467438} 'isIllegalArgument' '(Ljava/lang/RuntimeException;)Z' in 'jdk/internal/reflect/DirectMethodHandleAccessor')}
  0x0000782938ff23dc: 48be e054 | bd14 2978 | 0000 8b96 | 9000 0000 | 83c2 0289 | 9690 0000 | 0081 e2fe | ff1f 0085 
  0x0000782938ff23fc: d20f 8419 

  0x0000782938ff2400: ;   {oop(a 'java/lang/Class'{0x00000000c02e8f90} = 'jdk/internal/reflect/DirectMethodHandleAccessor')}
  0x0000782938ff2400: 0700 0048 | be90 8f2e | c000 0000 | 0048 8bd0 | 4889 8424 | e000 0000 | 0f1f 8000 

  0x0000782938ff241c: ;   {static_call}
  0x0000782938ff241c: 0000 00e8 

  0x0000782938ff2420: ; ImmutableOopMap {[224]=Oop }
                      ;*invokestatic isIllegalArgument {reexecute=0 rethrow=0 return_oop=0}
                      ; - jdk.internal.reflect.DirectMethodHandleAccessor::isIllegalArgument@3
                      ; - jdk.internal.reflect.DirectMethodHandleAccessor::invoke@58
  0x0000782938ff2420: bcb8 4207 

  0x0000782938ff2424: ;   {post_call_nop}
  0x0000782938ff2424: 0f1f 8400 | 9c14 000d | 83e0 0185 

  0x0000782938ff2430: ;   {metadata(method data for {method} {0x0000782914466dc8} 'invoke' '(Ljava/lang/Object;[Ljava/lang/Object;)Ljava/lang/Object;' in 'jdk/internal/reflect/DirectMethodHandleAccessor')}
  0x0000782938ff2430: c048 b8c8 | 44bd 1429 | 7800 00be | 3802 0000 | 7405 be48 | 0200 0048 | 8b14 3048 | 8d52 0148 
  0x0000782938ff2450: 8914 300f | 8488 0200 | 00e9 eb01 | 0000 488b | b424 a800 | 0000 498b | 87e0 0500 | 004d 33d2 
  0x0000782938ff2470: 4d89 97e0 | 0500 004d | 33d2 4d89 | 97e8 0500 

  0x0000782938ff2480: ;   {metadata(method data for {method} {0x0000782914466dc8} 'invoke' '(Ljava/lang/Object;[Ljava/lang/Object;)Ljava/lang/Object;' in 'jdk/internal/reflect/DirectMethodHandleAccessor')}
  0x0000782938ff2480: 0048 bac8 | 44bd 1429 | 7800 0048 | 8382 9801 

  0x0000782938ff2490: ;   {metadata(method data for {method} {0x0000782914467438} 'isIllegalArgument' '(Ljava/lang/RuntimeException;)Z' in 'jdk/internal/reflect/DirectMethodHandleAccessor')}
  0x0000782938ff2490: 0000 0148 | bee0 54bd | 1429 7800 | 008b 9690 | 0000 0083 | c202 8996 | 9000 0000 | 81e2 feff 
  0x0000782938ff24b0: 1f00 85d2 | 0f84 8306 

  0x0000782938ff24b8: ;   {oop(a 'java/lang/Class'{0x00000000c02e8f90} = 'jdk/internal/reflect/DirectMethodHandleAccessor')}
  0x0000782938ff24b8: 0000 48be | 908f 2ec0 | 0000 0000 | 488b d048 | 8984 24e8 

  0x0000782938ff24cc: ;   {static_call}
  0x0000782938ff24cc: 0000 00e8 

  0x0000782938ff24d0: ; ImmutableOopMap {[232]=Oop }
                      ;*invokestatic isIllegalArgument {reexecute=0 rethrow=0 return_oop=0}
                      ; - jdk.internal.reflect.DirectMethodHandleAccessor::isIllegalArgument@3
                      ; - jdk.internal.reflect.DirectMethodHandleAccessor::invoke@30
  0x0000782938ff24d0: 0cb8 4207 

  0x0000782938ff24d4: ;   {post_call_nop}
  0x0000782938ff24d4: 0f1f 8400 | 4c15 000e | 83e0 0185 

  0x0000782938ff24e0: ;   {metadata(method data for {method} {0x0000782914466dc8} 'invoke' '(Ljava/lang/Object;[Ljava/lang/Object;)Ljava/lang/Object;' in 'jdk/internal/reflect/DirectMethodHandleAccessor')}
  0x0000782938ff24e0: c048 bac8 | 44bd 1429 | 7800 00be | c801 0000 | 7405 bed8 | 0100 0048 | 8b3c 3248 | 8d7f 0148 
  0x0000782938ff2500: 893c 320f | 8498 0000 | 000f 1f80 | 0000 0000 

  0x0000782938ff2510: ;   {other}
  0x0000782938ff2510: e958 0600 | 0000 0000 | 0000 498b | 87c8 0100 | 0048 8d78 | 2849 3bbf | d801 0000 | 0f87 4506 
  0x0000782938ff2530: 0000 4989 | bfc8 0100 | 0048 c700 | 0100 0000 | 488b ca89 | 4808 4833 | c989 480c | 4833 c948 
  0x0000782938ff2550: 8948 1048 | 8948 1848 | 8948 2048 

  0x0000782938ff255c: ;   {metadata(method data for {method} {0x0000782914466dc8} 'invoke' '(Ljava/lang/Object;[Ljava/lang/Object;)Ljava/lang/Object;' in 'jdk/internal/reflect/DirectMethodHandleAccessor')}
  0x0000782938ff255c: 8bd0 48be | c844 bd14 | 2978 0000 | 4883 86e8 | 0100 0001 

  0x0000782938ff2570: ;   {oop("argument type mismatch"{0x00000000c0261df8})}
  0x0000782938ff2570: 48ba f81d | 26c0 0000 | 0000 488b | f048 8984 | 24f0 0000 

  0x0000782938ff2584: ;   {optimized virtual_call}
  0x0000782938ff2584: 0066 90e8 

  0x0000782938ff2588: ; ImmutableOopMap {[240]=Oop }
                      ;*invokespecial <init> {reexecute=0 rethrow=0 return_oop=0}
                      ; - jdk.internal.reflect.DirectMethodHandleAccessor::invoke@42
  0x0000782938ff2588: 54b1 4207 

  0x0000782938ff258c: ;   {post_call_nop}
  0x0000782938ff258c: 0f1f 8400 | 0416 000f | 488b 8424 | f000 0000 | e9a7 0600 | 0048 8b9c | 24e8 0000 | 000f 1f80 
  0x0000782938ff25ac: 0000 0000 

  0x0000782938ff25b0: ;   {other}
  0x0000782938ff25b0: e9de 0500 | 0000 0000 | 0000 80ba | 3001 0000 | 040f 85db | 0500 0049 | 8b87 c801 | 0000 488d 
  0x0000782938ff25d0: 7828 493b | bfd8 0100 | 000f 87c3 | 0500 0049 | 89bf c801 | 0000 48c7 | 0001 0000 | 0048 8bca 
  0x0000782938ff25f0: 8948 0848 | 33c9 8948 | 0c48 33c9 | 4889 4810 | 4889 4818 | 4889 4820 

  0x0000782938ff2608: ;   {metadata(method data for {method} {0x0000782914466dc8} 'invoke' '(Ljava/lang/Object;[Ljava/lang/Object;)Ljava/lang/Object;' in 'jdk/internal/reflect/DirectMethodHandleAccessor')}
  0x0000782938ff2608: 488b d048 | bec8 44bd | 1429 7800 | 0048 8386 | f801 0000 | 0148 8bd3 | 488b f048 | 8984 24f8 
  0x0000782938ff2628: 0000 000f 

  0x0000782938ff262c: ;   {optimized virtual_call}
  0x0000782938ff262c: 1f40 00e8 

  0x0000782938ff2630: ; ImmutableOopMap {[248]=Oop }
                      ;*invokespecial <init> {reexecute=0 rethrow=0 return_oop=0}
                      ; - jdk.internal.reflect.DirectMethodHandleAccessor::invoke@51
  0x0000782938ff2630: acb0 4207 

  0x0000782938ff2634: ;   {post_call_nop}
  0x0000782938ff2634: 0f1f 8400 | ac16 0010 | 488b 8424 | f800 0000 | e9ff 0500 | 000f 1f80 | 0000 0000 

  0x0000782938ff2650: ;   {other}
  0x0000782938ff2650: e969 0500 | 0000 0000 | 0000 498b | 87c8 0100 | 0048 8d78 | 2849 3bbf | d801 0000 | 0f87 5605 
  0x0000782938ff2670: 0000 4989 | bfc8 0100 | 0048 c700 | 0100 0000 | 488b ca89 | 4808 4833 | c989 480c | 4833 c948 
  0x0000782938ff2690: 8948 1048 | 8948 1848 | 8948 2048 

  0x0000782938ff269c: ;   {metadata(method data for {method} {0x0000782914466dc8} 'invoke' '(Ljava/lang/Object;[Ljava/lang/Object;)Ljava/lang/Object;' in 'jdk/internal/reflect/DirectMethodHandleAccessor')}
  0x0000782938ff269c: 8bd0 48be | c844 bd14 | 2978 0000 | 4883 8658 | 0200 0001 | 488b 9424 | e000 0000 | 488b f048 
  0x0000782938ff26bc: 8984 2400 | 0100 000f 

  0x0000782938ff26c4: ;   {optimized virtual_call}
  0x0000782938ff26c4: 1f40 00e8 

  0x0000782938ff26c8: ; ImmutableOopMap {[256]=Oop }
                      ;*invokespecial <init> {reexecute=0 rethrow=0 return_oop=0}
                      ; - jdk.internal.reflect.DirectMethodHandleAccessor::invoke@69
  0x0000782938ff26c8: 14b0 4207 

  0x0000782938ff26cc: ;   {post_call_nop}
  0x0000782938ff26cc: 0f1f 8400 | 4417 0011 | 488b 8424 | 0001 0000 | e967 0500 | 0048 8b9c | 24e0 0000 | 000f 1f80 
  0x0000782938ff26ec: 0000 0000 

  0x0000782938ff26f0: ;   {other}
  0x0000782938ff26f0: e9ef 0400 | 0000 0000 | 0000 80ba | 3001 0000 | 040f 85ec | 0400 0049 | 8b87 c801 | 0000 488d 
  0x0000782938ff2710: 7828 493b | bfd8 0100 | 000f 87d4 | 0400 0049 | 89bf c801 | 0000 48c7 | 0001 0000 | 0048 8bca 
  0x0000782938ff2730: 8948 0848 | 33c9 8948 | 0c48 33c9 | 4889 4810 | 4889 4818 | 4889 4820 

  0x0000782938ff2748: ;   {metadata(method data for {method} {0x0000782914466dc8} 'invoke' '(Ljava/lang/Object;[Ljava/lang/Object;)Ljava/lang/Object;' in 'jdk/internal/reflect/DirectMethodHandleAccessor')}
  0x0000782938ff2748: 488b d048 | bec8 44bd | 1429 7800 | 0048 8386 | 6802 0000 | 0148 8bd3 | 488b f048 | 8984 2408 
  0x0000782938ff2768: 0100 000f 

  0x0000782938ff276c: ;   {optimized virtual_call}
  0x0000782938ff276c: 1f40 00e8 

  0x0000782938ff2770: ; ImmutableOopMap {[264]=Oop }
                      ;*invokespecial <init> {reexecute=0 rethrow=0 return_oop=0}
                      ; - jdk.internal.reflect.DirectMethodHandleAccessor::invoke@78
  0x0000782938ff2770: 6caf 4207 

  0x0000782938ff2774: ;   {post_call_nop}
  0x0000782938ff2774: 0f1f 8400 | ec17 0012 | 488b 8424 | 0801 0000 | e9bf 0400 | 0049 8b87 | e005 0000 | 4d33 d24d 
  0x0000782938ff2794: 8997 e005 | 0000 4d33 | d24d 8997 | e805 0000 | 488b d890 

  0x0000782938ff27a8: ;   {metadata('java/lang/reflect/InvocationTargetException')}
  0x0000782938ff27a8: 48ba a054 | 0d13 0000 | 0000 80ba | 3001 0000 | 040f 855f | 0400 0049 | 8b87 c801 | 0000 488d 
  0x0000782938ff27c8: 7828 493b | bfd8 0100 | 000f 8747 | 0400 0049 | 89bf c801 | 0000 48c7 | 0001 0000 | 0048 8bca 
  0x0000782938ff27e8: 8948 0848 | 33c9 8948 | 0c48 33c9 | 4889 4810 | 4889 4818 | 4889 4820 

  0x0000782938ff2800: ;   {metadata(method data for {method} {0x0000782914466dc8} 'invoke' '(Ljava/lang/Object;[Ljava/lang/Object;)Ljava/lang/Object;' in 'jdk/internal/reflect/DirectMethodHandleAccessor')}
  0x0000782938ff2800: 488b d048 | bec8 44bd | 1429 7800 | 0048 8386 | 7802 0000 | 0148 8bd3 | 488b f048 | 8984 2410 
  0x0000782938ff2820: 0100 000f 

  0x0000782938ff2824: ;   {optimized virtual_call}
  0x0000782938ff2824: 1f40 00e8 

  0x0000782938ff2828: ; ImmutableOopMap {[272]=Oop }
                      ;*invokespecial <init> {reexecute=0 rethrow=0 return_oop=0}
                      ; - jdk.internal.reflect.DirectMethodHandleAccessor::invoke@88
  0x0000782938ff2828: a104 0000 

  0x0000782938ff282c: ;   {post_call_nop}
  0x0000782938ff282c: 0f1f 8400 | a418 0013 | 488b 8424 | 1001 0000 | e907 0400 

  0x0000782938ff2840: ;   {metadata({method} {0x0000782914466dc8} 'invoke' '(Ljava/lang/Object;[Ljava/lang/Object;)Ljava/lang/Object;' in 'jdk/internal/reflect/DirectMethodHandleAccessor')}
  0x0000782938ff2840: 0049 bac8 | 6d46 1429 | 7800 004c | 8954 2408 | 48c7 0424 | ffff ffff 

  0x0000782938ff2858: ;   {runtime_call C1 Runtime counter_overflow_blob}
  0x0000782938ff2858: e883 a54f 

  0x0000782938ff285c: ; ImmutableOopMap {rsi=Oop rdx=Oop rcx=Oop [168]=Oop [184]=Oop }
                      ;*synchronization entry
                      ; - jdk.internal.reflect.DirectMethodHandleAccessor::invoke@-1
  0x0000782938ff285c: 07e9 94e8 

  0x0000782938ff2860: ;   {metadata({method} {0x00007829144672d8} 'isStatic' '()Z' in 'jdk/internal/reflect/DirectMethodHandleAccessor')}
  0x0000782938ff2860: ffff 49ba | d872 4614 | 2978 0000 | 4c89 5424 | 0848 c704 | 24ff ffff 

  0x0000782938ff2878: ;   {runtime_call C1 Runtime counter_overflow_blob}
  0x0000782938ff2878: ffe8 62a5 

  0x0000782938ff287c: ; ImmutableOopMap {rsi=Oop rdx=Oop rcx=Oop [168]=Oop [184]=Oop }
                      ;*synchronization entry
                      ; - jdk.internal.reflect.DirectMethodHandleAccessor::isStatic@-1
                      ; - jdk.internal.reflect.DirectMethodHandleAccessor::invoke@1
  0x0000782938ff287c: 4f07 e9af 

  0x0000782938ff2880: ;   {metadata({method} {0x00007829144670a0} 'invokeImpl' '(Ljava/lang/Object;[Ljava/lang/Object;)Ljava/lang/Object;' in 'jdk/internal/reflect/DirectMethodHandleAccessor')}
  0x0000782938ff2880: e8ff ff49 | baa0 7046 | 1429 7800 | 004c 8954 | 2408 48c7 | 0424 ffff 

  0x0000782938ff2898: ;   {runtime_call C1 Runtime counter_overflow_blob}
  0x0000782938ff2898: ffff e841 

  0x0000782938ff289c: ; ImmutableOopMap {rsi=Oop [168]=Oop [176]=Oop [184]=Oop }
                      ;*synchronization entry
                      ; - jdk.internal.reflect.DirectMethodHandleAccessor::invokeImpl@-1
                      ; - jdk.internal.reflect.DirectMethodHandleAccessor::invoke@23
  0x0000782938ff289c: a54f 07e9 | c4e9 ffff | 49b8 0000 | 0000 0000 | 0000 b800 

  0x0000782938ff28b0: ;   {runtime_call C1 Runtime load_appendix_patching_blob}
  0x0000782938ff28b0: 0f05 0ae8 

  0x0000782938ff28b4: ; ImmutableOopMap {rsi=Oop rdx=Oop rcx=Oop rdi=Oop [168]=Oop [184]=Oop }
                      ;*invokevirtual invokeExact {reexecute=1 rethrow=0 return_oop=0}
                      ; - (reexecute) jdk.internal.reflect.DirectMethodHandleAccessor::invokeImpl@104
                      ; - jdk.internal.reflect.DirectMethodHandleAccessor::invoke@23
  0x0000782938ff28b4: 289e 4f07 | e94b eaff 

  0x0000782938ff28bc: ;   {runtime_call C1 Runtime throw_null_pointer_exception_blob}
  0x0000782938ff28bc: ffe8 1e53 

  0x0000782938ff28c0: ; ImmutableOopMap {rsi=Oop rdx=Oop rcx=Oop rdi=Oop r8=Oop [168]=Oop [184]=Oop }
                      ;*invokevirtual invokeExact {reexecute=0 rethrow=0 return_oop=0}
                      ; - jdk.internal.reflect.DirectMethodHandleAccessor::invokeImpl@104
                      ; - jdk.internal.reflect.DirectMethodHandleAccessor::invoke@23
                      ;   {internal_word}
  0x0000782938ff28c0: 4f07 49ba | be14 ff38 | 2978 0000 | 4d89 9738 

  0x0000782938ff28d0: ;   {runtime_call SafepointBlob}
  0x0000782938ff28d0: 0500 00e9 | 88cf 4207 

  0x0000782938ff28d8: ;   {runtime_call C1 Runtime throw_null_pointer_exception_blob}
  0x0000782938ff28d8: e803 534f 

  0x0000782938ff28dc: ; ImmutableOopMap {rsi=Oop rdx=Oop rcx=Oop rbx=Oop [168]=Oop [184]=Oop }
                      ;*aaload {reexecute=0 rethrow=0 return_oop=0}
                      ; - jdk.internal.reflect.DirectMethodHandleAccessor::invokeImpl@85
                      ; - jdk.internal.reflect.DirectMethodHandleAccessor::invoke@23
                      ;   {runtime_call C1 Runtime throw_null_pointer_exception_blob}
  0x0000782938ff28dc: 07e8 fe52 

  0x0000782938ff28e0: ; ImmutableOopMap {rsi=Oop rdx=Oop rcx=Oop rbx=Oop [168]=Oop [184]=Oop }
                      ;*aaload {reexecute=0 rethrow=0 return_oop=0}
                      ; - jdk.internal.reflect.DirectMethodHandleAccessor::invokeImpl@85
                      ; - jdk.internal.reflect.DirectMethodHandleAccessor::invoke@23
  0x0000782938ff28e0: 4f07 48c7 | 0424 0000 | 0000 4889 

  0x0000782938ff28ec: ;   {runtime_call C1 Runtime throw_range_check_failed_blob}
  0x0000782938ff28ec: 4c24 08e8 

  0x0000782938ff28f0: ; ImmutableOopMap {rsi=Oop rdx=Oop rcx=Oop rbx=Oop [168]=Oop [184]=Oop }
                      ;*aaload {reexecute=0 rethrow=0 return_oop=0}
                      ; - jdk.internal.reflect.DirectMethodHandleAccessor::invokeImpl@85
                      ; - jdk.internal.reflect.DirectMethodHandleAccessor::invoke@23
  0x0000782938ff28f0: ec49 4f07 | 48c7 0424 | 0100 0000 | 4889 4c24 

  0x0000782938ff2900: ;   {runtime_call C1 Runtime throw_range_check_failed_blob}
  0x0000782938ff2900: 08e8 da49 

  0x0000782938ff2904: ; ImmutableOopMap {rsi=Oop rdx=Oop rcx=Oop rbx=Oop r8=Oop [168]=Oop [184]=Oop }
                      ;*aaload {reexecute=0 rethrow=0 return_oop=0}
                      ; - jdk.internal.reflect.DirectMethodHandleAccessor::invokeImpl@88
                      ; - jdk.internal.reflect.DirectMethodHandleAccessor::invoke@23
  0x0000782938ff2904: 4f07 48c7 | 0424 0200 | 0000 4889 

  0x0000782938ff2910: ;   {runtime_call C1 Runtime throw_range_check_failed_blob}
  0x0000782938ff2910: 4c24 08e8 

  0x0000782938ff2914: ; ImmutableOopMap {rsi=Oop rdx=Oop rcx=Oop rbx=Oop r8=Oop r9=Oop [168]=Oop [184]=Oop }
                      ;*aaload {reexecute=0 rethrow=0 return_oop=0}
                      ; - jdk.internal.reflect.DirectMethodHandleAccessor::invokeImpl@91
                      ; - jdk.internal.reflect.DirectMethodHandleAccessor::invoke@23
  0x0000782938ff2914: c849 4f07 | 48b8 78a9 | 14c0 0000 | 0000 b800 

  0x0000782938ff2924: ;   {runtime_call C1 Runtime load_appendix_patching_blob}
  0x0000782938ff2924: 0f05 0ae8 

  0x0000782938ff2928: ; ImmutableOopMap {rsi=Oop rdx=Oop rbx=Oop r8=Oop r9=Oop rdi=Oop [168]=Oop [184]=Oop }
                      ;*invokevirtual invokeExact {reexecute=1 rethrow=0 return_oop=0}
                      ; - (reexecute) jdk.internal.reflect.DirectMethodHandleAccessor::invokeImpl@92
                      ; - jdk.internal.reflect.DirectMethodHandleAccessor::invoke@23
  0x0000782938ff2928: b49d 4f07 | e9d7 ebff 

  0x0000782938ff2930: ;   {runtime_call C1 Runtime throw_null_pointer_exception_blob}
  0x0000782938ff2930: ffe8 aa52 

  0x0000782938ff2934: ; ImmutableOopMap {rsi=Oop rdx=Oop rbx=Oop r8=Oop r9=Oop rdi=Oop rax=Oop [168]=Oop [184]=Oop }
                      ;*invokevirtual invokeExact {reexecute=0 rethrow=0 return_oop=0}
                      ; - jdk.internal.reflect.DirectMethodHandleAccessor::invokeImpl@92
                      ; - jdk.internal.reflect.DirectMethodHandleAccessor::invoke@23
                      ;   {internal_word}
  0x0000782938ff2934: 4f07 49ba | df16 ff38 | 2978 0000 | 4d89 9738 

  0x0000782938ff2944: ;   {runtime_call SafepointBlob}
  0x0000782938ff2944: 0500 00e9 | 14cf 4207 

  0x0000782938ff294c: ;   {runtime_call C1 Runtime throw_null_pointer_exception_blob}
  0x0000782938ff294c: e88f 524f 

  0x0000782938ff2950: ; ImmutableOopMap {rsi=Oop rcx=Oop rdx=Oop rdi=Oop [168]=Oop [184]=Oop [200]=Oop }
                      ;*aaload {reexecute=0 rethrow=0 return_oop=0}
                      ; - jdk.internal.reflect.DirectMethodHandleAccessor::invokeImpl@68
                      ; - jdk.internal.reflect.DirectMethodHandleAccessor::invoke@23
                      ;   {runtime_call C1 Runtime throw_null_pointer_exception_blob}
  0x0000782938ff2950: 07e8 8a52 

  0x0000782938ff2954: ; ImmutableOopMap {rsi=Oop rcx=Oop rdx=Oop rdi=Oop [168]=Oop [184]=Oop [200]=Oop }
                      ;*aaload {reexecute=0 rethrow=0 return_oop=0}
                      ; - jdk.internal.reflect.DirectMethodHandleAccessor::invokeImpl@68
                      ; - jdk.internal.reflect.DirectMethodHandleAccessor::invoke@23
  0x0000782938ff2954: 4f07 48c7 | 0424 0000 | 0000 4889 

  0x0000782938ff2960: ;   {runtime_call C1 Runtime throw_range_check_failed_blob}
  0x0000782938ff2960: 4c24 08e8 

  0x0000782938ff2964: ; ImmutableOopMap {rsi=Oop rcx=Oop rdx=Oop rdi=Oop [168]=Oop [184]=Oop [200]=Oop }
                      ;*aaload {reexecute=0 rethrow=0 return_oop=0}
                      ; - jdk.internal.reflect.DirectMethodHandleAccessor::invokeImpl@68
                      ; - jdk.internal.reflect.DirectMethodHandleAccessor::invoke@23
  0x0000782938ff2964: 7849 4f07 | 48c7 0424 | 0100 0000 | 4889 4c24 

  0x0000782938ff2974: ;   {runtime_call C1 Runtime throw_range_check_failed_blob}
  0x0000782938ff2974: 08e8 6649 

  0x0000782938ff2978: ; ImmutableOopMap {rsi=Oop rcx=Oop rdx=Oop rdi=Oop rbx=Oop [168]=Oop [184]=Oop [192]=Oop [200]=Oop }
                      ;*aaload {reexecute=0 rethrow=0 return_oop=0}
                      ; - jdk.internal.reflect.DirectMethodHandleAccessor::invokeImpl@71
                      ; - jdk.internal.reflect.DirectMethodHandleAccessor::invoke@23
                      ;   {metadata({method} {0x0000782914b19ab0} 'invokeExact_MT' '(Ljava/lang/Object;Ljava/lang/Object;Ljava/lang/Object;Ljava/lang/Object;Ljava/lang/Object;)Ljava/lang/Object;' in 'java/lang/invoke/LambdaForm$MH+0x0000000013146c00')}
  0x0000782938ff2978: 4f07 49ba | b09a b114 | 2978 0000 | 4c89 5424 | 0848 c704 | 24ff ffff 

  0x0000782938ff2990: ;   {runtime_call C1 Runtime counter_overflow_blob}
  0x0000782938ff2990: ffe8 4aa4 

  0x0000782938ff2994: ; ImmutableOopMap {rsi=Oop rdx=Oop rdi=Oop rbx=Oop rax=Oop [168]=Oop [184]=Oop [192]=Oop [200]=Oop [208]=Oop }
                      ;*synchronization entry
                      ; - java.lang.invoke.LambdaForm$MH/0x0000000013146c00::invokeExact_MT@-1
                      ; - jdk.internal.reflect.DirectMethodHandleAccessor::invokeImpl@72
                      ; - jdk.internal.reflect.DirectMethodHandleAccessor::invoke@23
  0x0000782938ff2994: 4f07 e9e3 

  0x0000782938ff2998: ;   {metadata({method} {0x000078291436ab40} 'checkExactType' '(Ljava/lang/invoke/MethodHandle;Ljava/lang/invoke/MethodType;)V' in 'java/lang/invoke/Invokers')}
  0x0000782938ff2998: eeff ff49 | ba40 ab36 | 1429 7800 | 004c 8954 | 2408 48c7 | 0424 ffff 

  0x0000782938ff29b0: ;   {runtime_call C1 Runtime counter_overflow_blob}
  0x0000782938ff29b0: ffff e829 

  0x0000782938ff29b4: ; ImmutableOopMap {rsi=Oop rdx=Oop rdi=Oop rbx=Oop rax=Oop [168]=Oop [184]=Oop [192]=Oop [200]=Oop [208]=Oop }
                      ;*synchronization entry
                      ; - java.lang.invoke.Invokers::checkExactType@-1
                      ; - java.lang.invoke.LambdaForm$MH/0x0000000013146c00::invokeExact_MT@11
                      ; - jdk.internal.reflect.DirectMethodHandleAccessor::invokeImpl@72
                      ; - jdk.internal.reflect.DirectMethodHandleAccessor::invoke@23
  0x0000782938ff29b4: a44f 07e9 | 63ef ffff 

  0x0000782938ff29bc: ;   {runtime_call C1 Runtime throw_null_pointer_exception_blob}
  0x0000782938ff29bc: e81f 524f 

  0x0000782938ff29c0: ; ImmutableOopMap {rsi=Oop rdx=Oop rdi=Oop rbx=Oop rax=Oop [168]=Oop [184]=Oop [192]=Oop [200]=Oop [208]=Oop }
                      ;*invokevirtual type {reexecute=0 rethrow=0 return_oop=0}
                      ; - java.lang.invoke.Invokers::checkExactType@1
                      ; - java.lang.invoke.LambdaForm$MH/0x0000000013146c00::invokeExact_MT@11
                      ; - jdk.internal.reflect.DirectMethodHandleAccessor::invokeImpl@72
                      ; - jdk.internal.reflect.DirectMethodHandleAccessor::invoke@23
                      ;   {metadata({method} {0x000078291436b188} 'checkCustomized' '(Ljava/lang/invoke/MethodHandle;)V' in 'java/lang/invoke/Invokers')}
  0x0000782938ff29c0: 0749 ba88 | b136 1429 | 7800 004c | 8954 2408 | 48c7 0424 | ffff ffff 

  0x0000782938ff29d8: ;   {runtime_call C1 Runtime counter_overflow_blob}
  0x0000782938ff29d8: e803 a44f 

  0x0000782938ff29dc: ; ImmutableOopMap {rsi=Oop rdx=Oop rdi=Oop rbx=Oop rax=Oop [168]=Oop [184]=Oop [192]=Oop [200]=Oop [208]=Oop }
                      ;*synchronization entry
                      ; - java.lang.invoke.Invokers::checkCustomized@-1
                      ; - java.lang.invoke.LambdaForm$MH/0x0000000013146c00::invokeExact_MT@15
                      ; - jdk.internal.reflect.DirectMethodHandleAccessor::invokeImpl@72
                      ; - jdk.internal.reflect.DirectMethodHandleAccessor::invoke@23
  0x0000782938ff29dc: 07e9 8ef0 

  0x0000782938ff29e0: ;   {metadata({method} {0x000078291408fb80} 'isCompileConstant' '(Ljava/lang/Object;)Z' in 'java/lang/invoke/MethodHandleImpl')}
  0x0000782938ff29e0: ffff 49ba | 80fb 0814 | 2978 0000 | 4c89 5424 | 0848 c704 | 24ff ffff 

  0x0000782938ff29f8: ;   {runtime_call C1 Runtime counter_overflow_blob}
  0x0000782938ff29f8: ffe8 e2a3 

  0x0000782938ff29fc: ; ImmutableOopMap {rsi=Oop rdx=Oop rdi=Oop rbx=Oop rax=Oop [168]=Oop [184]=Oop [192]=Oop [200]=Oop [208]=Oop }
                      ;*synchronization entry
                      ; - java.lang.invoke.MethodHandleImpl::isCompileConstant@-1
                      ; - java.lang.invoke.Invokers::checkCustomized@1
                      ; - java.lang.invoke.LambdaForm$MH/0x0000000013146c00::invokeExact_MT@15
                      ; - jdk.internal.reflect.DirectMethodHandleAccessor::invokeImpl@72
                      ; - jdk.internal.reflect.DirectMethodHandleAccessor::invoke@23
  0x0000782938ff29fc: 4f07 e9ab 

  0x0000782938ff2a00: ;   {runtime_call C1 Runtime throw_null_pointer_exception_blob}
  0x0000782938ff2a00: f0ff ffe8 

  0x0000782938ff2a04: ; ImmutableOopMap {rsi=Oop rdx=Oop rdi=Oop rbx=Oop rax=Oop [168]=Oop [184]=Oop [192]=Oop [200]=Oop [208]=Oop }
                      ;*getfield customized {reexecute=1 rethrow=0 return_oop=0}
                      ; - (reexecute) java.lang.invoke.Invokers::checkCustomized@12
                      ; - java.lang.invoke.LambdaForm$MH/0x0000000013146c00::invokeExact_MT@15
                      ; - jdk.internal.reflect.DirectMethodHandleAccessor::invokeImpl@72
                      ; - jdk.internal.reflect.DirectMethodHandleAccessor::invoke@23
  0x0000782938ff2a04: d851 4f07 

  0x0000782938ff2a08: ;   {internal_word}
  0x0000782938ff2a08: 49ba 501d | ff38 2978 | 0000 4d89 | 9738 0500 

  0x0000782938ff2a18: ;   {runtime_call SafepointBlob}
  0x0000782938ff2a18: 00e9 42ce 

  0x0000782938ff2a1c: ;   {runtime_call C1 Runtime throw_null_pointer_exception_blob}
  0x0000782938ff2a1c: 4207 e8bd 

  0x0000782938ff2a20: ; ImmutableOopMap {rsi=Oop rcx=Oop rdx=Oop rdi=Oop [168]=Oop [184]=Oop }
                      ;*aaload {reexecute=0 rethrow=0 return_oop=0}
                      ; - jdk.internal.reflect.DirectMethodHandleAccessor::invokeImpl@54
                      ; - jdk.internal.reflect.DirectMethodHandleAccessor::invoke@23
                      ;   {runtime_call C1 Runtime throw_null_pointer_exception_blob}
  0x0000782938ff2a20: 514f 07e8 

  0x0000782938ff2a24: ; ImmutableOopMap {rsi=Oop rcx=Oop rdx=Oop rdi=Oop [168]=Oop [184]=Oop }
                      ;*aaload {reexecute=0 rethrow=0 return_oop=0}
                      ; - jdk.internal.reflect.DirectMethodHandleAccessor::invokeImpl@54
                      ; - jdk.internal.reflect.DirectMethodHandleAccessor::invoke@23
  0x0000782938ff2a24: b851 4f07 | 48c7 0424 | 0000 0000 | 4889 4c24 

  0x0000782938ff2a34: ;   {runtime_call C1 Runtime throw_range_check_failed_blob}
  0x0000782938ff2a34: 08e8 a648 

  0x0000782938ff2a38: ; ImmutableOopMap {rsi=Oop rcx=Oop rdx=Oop rdi=Oop [168]=Oop [184]=Oop }
                      ;*aaload {reexecute=0 rethrow=0 return_oop=0}
                      ; - jdk.internal.reflect.DirectMethodHandleAccessor::invokeImpl@54
                      ; - jdk.internal.reflect.DirectMethodHandleAccessor::invoke@23
  0x0000782938ff2a38: 4f07 49b8 | c0c5 f5c3 | 0000 0000 | b800 0f05 

  0x0000782938ff2a48: ;   {runtime_call C1 Runtime load_appendix_patching_blob}
  0x0000782938ff2a48: 0ae8 929c 

  0x0000782938ff2a4c: ; ImmutableOopMap {rsi=Oop rdx=Oop rdi=Oop rcx=Oop [168]=Oop [184]=Oop }
                      ;*invokevirtual invokeExact {reexecute=1 rethrow=0 return_oop=0}
                      ; - (reexecute) jdk.internal.reflect.DirectMethodHandleAccessor::invokeImpl@55
                      ; - jdk.internal.reflect.DirectMethodHandleAccessor::invoke@23
  0x0000782938ff2a4c: 4f07 e92d 

  0x0000782938ff2a50: ;   {runtime_call C1 Runtime throw_null_pointer_exception_blob}
  0x0000782938ff2a50: f3ff ffe8 

  0x0000782938ff2a54: ; ImmutableOopMap {rsi=Oop rdx=Oop rdi=Oop rcx=Oop r8=Oop [168]=Oop [184]=Oop }
                      ;*invokevirtual invokeExact {reexecute=0 rethrow=0 return_oop=0}
                      ; - jdk.internal.reflect.DirectMethodHandleAccessor::invokeImpl@55
                      ; - jdk.internal.reflect.DirectMethodHandleAccessor::invoke@23
  0x0000782938ff2a54: 8851 4f07 

  0x0000782938ff2a58: ;   {internal_word}
  0x0000782938ff2a58: 49ba 471f | ff38 2978 | 0000 4d89 | 9738 0500 

  0x0000782938ff2a68: ;   {runtime_call SafepointBlob}
  0x0000782938ff2a68: 00e9 f2cd 

  0x0000782938ff2a6c: ;   {metadata({method} {0x00007829143c23c8} 'invokeExact_MT' '(Ljava/lang/Object;Ljava/lang/Object;Ljava/lang/Object;)Ljava/lang/Object;' in 'java/lang/invoke/Invokers$Holder')}
  0x0000782938ff2a6c: 4207 49ba | c823 3c14 | 2978 0000 | 4c89 5424 | 0848 c704 | 24ff ffff 

  0x0000782938ff2a84: ;   {runtime_call C1 Runtime counter_overflow_blob}
  0x0000782938ff2a84: ffe8 56a3 

  0x0000782938ff2a88: ; ImmutableOopMap {rsi=Oop rdx=Oop rdi=Oop [168]=Oop [184]=Oop [216]=Oop }
                      ;*synchronization entry
                      ; - java.lang.invoke.Invokers$Holder::invokeExact_MT@-1
                      ; - jdk.internal.reflect.DirectMethodHandleAccessor::invokeImpl@41
                      ; - jdk.internal.reflect.DirectMethodHandleAccessor::invoke@23
  0x0000782938ff2a88: 4f07 e961 

  0x0000782938ff2a8c: ;   {metadata({method} {0x000078291436ab40} 'checkExactType' '(Ljava/lang/invoke/MethodHandle;Ljava/lang/invoke/MethodType;)V' in 'java/lang/invoke/Invokers')}
  0x0000782938ff2a8c: f5ff ff49 | ba40 ab36 | 1429 7800 | 004c 8954 | 2408 48c7 | 0424 ffff 

  0x0000782938ff2aa4: ;   {runtime_call C1 Runtime counter_overflow_blob}
  0x0000782938ff2aa4: ffff e835 

  0x0000782938ff2aa8: ; ImmutableOopMap {rsi=Oop rdx=Oop rdi=Oop [168]=Oop [184]=Oop [216]=Oop }
                      ;*synchronization entry
                      ; - java.lang.invoke.Invokers::checkExactType@-1
                      ; - java.lang.invoke.Invokers$Holder::invokeExact_MT@10
                      ; - jdk.internal.reflect.DirectMethodHandleAccessor::invokeImpl@41
                      ; - jdk.internal.reflect.DirectMethodHandleAccessor::invoke@23
  0x0000782938ff2aa8: a34f 07e9 | 9af5 ffff 

  0x0000782938ff2ab0: ;   {runtime_call C1 Runtime throw_null_pointer_exception_blob}
  0x0000782938ff2ab0: e82b 514f 

  0x0000782938ff2ab4: ; ImmutableOopMap {rsi=Oop rdx=Oop rdi=Oop [168]=Oop [184]=Oop [216]=Oop }
                      ;*invokevirtual type {reexecute=0 rethrow=0 return_oop=0}
                      ; - java.lang.invoke.Invokers::checkExactType@1
                      ; - java.lang.invoke.Invokers$Holder::invokeExact_MT@10
                      ; - jdk.internal.reflect.DirectMethodHandleAccessor::invokeImpl@41
                      ; - jdk.internal.reflect.DirectMethodHandleAccessor::invoke@23
                      ;   {metadata({method} {0x000078291436b188} 'checkCustomized' '(Ljava/lang/invoke/MethodHandle;)V' in 'java/lang/invoke/Invokers')}
  0x0000782938ff2ab4: 0749 ba88 | b136 1429 | 7800 004c | 8954 2408 | 48c7 0424 | ffff ffff 

  0x0000782938ff2acc: ;   {runtime_call C1 Runtime counter_overflow_blob}
  0x0000782938ff2acc: e80f a34f 

  0x0000782938ff2ad0: ; ImmutableOopMap {rsi=Oop rdx=Oop rdi=Oop [168]=Oop [184]=Oop [216]=Oop }
                      ;*synchronization entry
                      ; - java.lang.invoke.Invokers::checkCustomized@-1
                      ; - java.lang.invoke.Invokers$Holder::invokeExact_MT@14
                      ; - jdk.internal.reflect.DirectMethodHandleAccessor::invokeImpl@41
                      ; - jdk.internal.reflect.DirectMethodHandleAccessor::invoke@23
  0x0000782938ff2ad0: 07e9 6df6 

  0x0000782938ff2ad4: ;   {metadata({method} {0x000078291408fb80} 'isCompileConstant' '(Ljava/lang/Object;)Z' in 'java/lang/invoke/MethodHandleImpl')}
  0x0000782938ff2ad4: ffff 49ba | 80fb 0814 | 2978 0000 | 4c89 5424 | 0848 c704 | 24ff ffff 

  0x0000782938ff2aec: ;   {runtime_call C1 Runtime counter_overflow_blob}
  0x0000782938ff2aec: ffe8 eea2 

  0x0000782938ff2af0: ; ImmutableOopMap {rsi=Oop rdx=Oop rdi=Oop [168]=Oop [184]=Oop [216]=Oop }
                      ;*synchronization entry
                      ; - java.lang.invoke.MethodHandleImpl::isCompileConstant@-1
                      ; - java.lang.invoke.Invokers::checkCustomized@1
                      ; - java.lang.invoke.Invokers$Holder::invokeExact_MT@14
                      ; - jdk.internal.reflect.DirectMethodHandleAccessor::invokeImpl@41
                      ; - jdk.internal.reflect.DirectMethodHandleAccessor::invoke@23
  0x0000782938ff2af0: 4f07 e984 

  0x0000782938ff2af4: ;   {runtime_call C1 Runtime throw_null_pointer_exception_blob}
  0x0000782938ff2af4: f6ff ffe8 

  0x0000782938ff2af8: ; ImmutableOopMap {rsi=Oop rdx=Oop rdi=Oop [168]=Oop [184]=Oop [216]=Oop }
                      ;*getfield customized {reexecute=1 rethrow=0 return_oop=0}
                      ; - (reexecute) java.lang.invoke.Invokers::checkCustomized@12
                      ; - java.lang.invoke.Invokers$Holder::invokeExact_MT@14
                      ; - jdk.internal.reflect.DirectMethodHandleAccessor::invokeImpl@41
                      ; - jdk.internal.reflect.DirectMethodHandleAccessor::invoke@23
  0x0000782938ff2af8: e450 4f07 

  0x0000782938ff2afc: ;   {internal_word}
  0x0000782938ff2afc: 49ba 0c23 | ff38 2978 | 0000 4d89 | 9738 0500 

  0x0000782938ff2b0c: ;   {runtime_call SafepointBlob}
  0x0000782938ff2b0c: 00e9 4ecd 

  0x0000782938ff2b10: ;   {runtime_call C1 Runtime throw_null_pointer_exception_blob}
  0x0000782938ff2b10: 4207 e8c9 

  0x0000782938ff2b14: ; ImmutableOopMap {rax=Oop [168]=Oop [184]=Oop [216]=Oop }
                      ;*athrow {reexecute=1 rethrow=0 return_oop=0}
                      ; - (reexecute) java.lang.invoke.Invokers::checkExactType@15
                      ; - java.lang.invoke.Invokers$Holder::invokeExact_MT@10
                      ; - jdk.internal.reflect.DirectMethodHandleAccessor::invokeImpl@41
                      ; - jdk.internal.reflect.DirectMethodHandleAccessor::invoke@23
                      ;   {runtime_call C1 Runtime throw_null_pointer_exception_blob}
  0x0000782938ff2b14: 504f 07e8 

  0x0000782938ff2b18: ; ImmutableOopMap {rax=Oop [168]=Oop [184]=Oop [192]=Oop [200]=Oop [208]=Oop }
                      ;*athrow {reexecute=1 rethrow=0 return_oop=0}
                      ; - (reexecute) java.lang.invoke.Invokers::checkExactType@15
                      ; - java.lang.invoke.LambdaForm$MH/0x0000000013146c00::invokeExact_MT@11
                      ; - jdk.internal.reflect.DirectMethodHandleAccessor::invokeImpl@72
                      ; - jdk.internal.reflect.DirectMethodHandleAccessor::invoke@23
  0x0000782938ff2b18: c450 4f07 

  0x0000782938ff2b1c: ;   {metadata({method} {0x0000782914467438} 'isIllegalArgument' '(Ljava/lang/RuntimeException;)Z' in 'jdk/internal/reflect/DirectMethodHandleAccessor')}
  0x0000782938ff2b1c: 49ba 3874 | 4614 2978 | 0000 4c89 | 5424 0848 | c704 24ff 

  0x0000782938ff2b30: ;   {runtime_call C1 Runtime counter_overflow_blob}
  0x0000782938ff2b30: ffff ffe8 

  0x0000782938ff2b34: ; ImmutableOopMap {rax=Oop }
                      ;*synchronization entry
                      ; - jdk.internal.reflect.DirectMethodHandleAccessor::isIllegalArgument@-1
                      ; - jdk.internal.reflect.DirectMethodHandleAccessor::invoke@58
  0x0000782938ff2b34: a8a2 4f07 | e9c6 f8ff 

  0x0000782938ff2b3c: ;   {metadata({method} {0x0000782914467438} 'isIllegalArgument' '(Ljava/lang/RuntimeException;)Z' in 'jdk/internal/reflect/DirectMethodHandleAccessor')}
  0x0000782938ff2b3c: ff49 ba38 | 7446 1429 | 7800 004c | 8954 2408 | 48c7 0424 | ffff ffff 

  0x0000782938ff2b54: ;   {runtime_call C1 Runtime counter_overflow_blob}
  0x0000782938ff2b54: e887 a24f 

  0x0000782938ff2b58: ; ImmutableOopMap {rax=Oop }
                      ;*synchronization entry
                      ; - jdk.internal.reflect.DirectMethodHandleAccessor::isIllegalArgument@-1
                      ; - jdk.internal.reflect.DirectMethodHandleAccessor::invoke@30
  0x0000782938ff2b58: 07e9 5cf9 

  0x0000782938ff2b5c: ;   {metadata(nullptr)}
  0x0000782938ff2b5c: ffff 48ba | 0000 0000 | 0000 0000 | b800 0f05 

  0x0000782938ff2b6c: ;   {runtime_call C1 Runtime load_klass_patching_blob}
  0x0000782938ff2b6c: 0ae8 6e93 

  0x0000782938ff2b70: ; ImmutableOopMap {}
                      ;*new {reexecute=1 rethrow=0 return_oop=0}
                      ; - (reexecute) jdk.internal.reflect.DirectMethodHandleAccessor::invoke@36
  0x0000782938ff2b70: 4f07 e999 | f9ff ff48 

  0x0000782938ff2b78: ;   {runtime_call C1 Runtime fast_new_instance_blob}
  0x0000782938ff2b78: 8bd2 e861 

  0x0000782938ff2b7c: ; ImmutableOopMap {}
                      ;*new {reexecute=0 rethrow=0 return_oop=0}
                      ; - jdk.internal.reflect.DirectMethodHandleAccessor::invoke@36
  0x0000782938ff2b7c: 594f 07e9 | d7f9 ffff 

  0x0000782938ff2b84: ;   {metadata(nullptr)}
  0x0000782938ff2b84: 48ba 0000 | 0000 0000 | 0000 b800 

  0x0000782938ff2b90: ;   {runtime_call C1 Runtime load_klass_patching_blob}
  0x0000782938ff2b90: 0f05 0ae8 

  0x0000782938ff2b94: ; ImmutableOopMap {rbx=Oop }
                      ;*new {reexecute=1 rethrow=0 return_oop=0}
                      ; - (reexecute) jdk.internal.reflect.DirectMethodHandleAccessor::invoke@46
  0x0000782938ff2b94: 4893 4f07 | e913 faff 

  0x0000782938ff2b9c: ;   {runtime_call C1 Runtime throw_null_pointer_exception_blob}
  0x0000782938ff2b9c: ffe8 3e50 

  0x0000782938ff2ba0: ; ImmutableOopMap {rbx=Oop }
                      ;*new {reexecute=0 rethrow=0 return_oop=0}
                      ; - jdk.internal.reflect.DirectMethodHandleAccessor::invoke@46
  0x0000782938ff2ba0: 4f07 488b 

  0x0000782938ff2ba4: ;   {runtime_call C1 Runtime fast_new_instance_init_check_blob}
  0x0000782938ff2ba4: d2e8 365c 

  0x0000782938ff2ba8: ; ImmutableOopMap {rbx=Oop }
                      ;*new {reexecute=0 rethrow=0 return_oop=0}
                      ; - jdk.internal.reflect.DirectMethodHandleAccessor::invoke@46
  0x0000782938ff2ba8: 4f07 e959 

  0x0000782938ff2bac: ;   {metadata(nullptr)}
  0x0000782938ff2bac: faff ff48 | ba00 0000 | 0000 0000 | 00b8 000f 

  0x0000782938ff2bbc: ;   {runtime_call C1 Runtime load_klass_patching_blob}
  0x0000782938ff2bbc: 050a e81d 

  0x0000782938ff2bc0: ; ImmutableOopMap {[224]=Oop }
                      ;*new {reexecute=1 rethrow=0 return_oop=0}
                      ; - (reexecute) jdk.internal.reflect.DirectMethodHandleAccessor::invoke@64
  0x0000782938ff2bc0: 934f 07e9 | 88fa ffff 

  0x0000782938ff2bc8: ;   {runtime_call C1 Runtime fast_new_instance_blob}
  0x0000782938ff2bc8: 488b d2e8 

  0x0000782938ff2bcc: ; ImmutableOopMap {[224]=Oop }
                      ;*new {reexecute=0 rethrow=0 return_oop=0}
                      ; - jdk.internal.reflect.DirectMethodHandleAccessor::invoke@64
  0x0000782938ff2bcc: 1059 4f07 | e9c6 faff 

  0x0000782938ff2bd4: ;   {metadata(nullptr)}
  0x0000782938ff2bd4: ff48 ba00 | 0000 0000 | 0000 00b8 | 000f 050a 

  0x0000782938ff2be4: ;   {runtime_call C1 Runtime load_klass_patching_blob}
  0x0000782938ff2be4: e8f7 924f 

  0x0000782938ff2be8: ; ImmutableOopMap {rbx=Oop }
                      ;*new {reexecute=1 rethrow=0 return_oop=0}
                      ; - (reexecute) jdk.internal.reflect.DirectMethodHandleAccessor::invoke@73
  0x0000782938ff2be8: 07e9 02fb 

  0x0000782938ff2bec: ;   {runtime_call C1 Runtime throw_null_pointer_exception_blob}
  0x0000782938ff2bec: ffff e8ed 

  0x0000782938ff2bf0: ; ImmutableOopMap {rbx=Oop }
                      ;*new {reexecute=0 rethrow=0 return_oop=0}
                      ; - jdk.internal.reflect.DirectMethodHandleAccessor::invoke@73
  0x0000782938ff2bf0: 4f4f 0748 

  0x0000782938ff2bf4: ;   {runtime_call C1 Runtime fast_new_instance_init_check_blob}
  0x0000782938ff2bf4: 8bd2 e8e5 

  0x0000782938ff2bf8: ; ImmutableOopMap {rbx=Oop }
                      ;*new {reexecute=0 rethrow=0 return_oop=0}
                      ; - jdk.internal.reflect.DirectMethodHandleAccessor::invoke@73
  0x0000782938ff2bf8: 5b4f 07e9 | 48fb ffff 

  0x0000782938ff2c00: ;   {metadata('java/lang/reflect/InvocationTargetException')}
  0x0000782938ff2c00: 48ba a054 | 0d13 0000 | 0000 b800 

  0x0000782938ff2c0c: ;   {runtime_call C1 Runtime load_klass_patching_blob}
  0x0000782938ff2c0c: 0f05 0ae8 

  0x0000782938ff2c10: ; ImmutableOopMap {rbx=Oop }
                      ;*new {reexecute=1 rethrow=0 return_oop=0}
                      ; - (reexecute) jdk.internal.reflect.DirectMethodHandleAccessor::invoke@83
  0x0000782938ff2c10: cc92 4f07 | e98f fbff 

  0x0000782938ff2c18: ;   {runtime_call C1 Runtime throw_null_pointer_exception_blob}
  0x0000782938ff2c18: ffe8 c24f 

  0x0000782938ff2c1c: ; ImmutableOopMap {rbx=Oop }
                      ;*new {reexecute=0 rethrow=0 return_oop=0}
                      ; - jdk.internal.reflect.DirectMethodHandleAccessor::invoke@83
  0x0000782938ff2c1c: 4f07 488b 

  0x0000782938ff2c20: ;   {runtime_call C1 Runtime fast_new_instance_init_check_blob}
  0x0000782938ff2c20: d2e8 ba5b 

  0x0000782938ff2c24: ; ImmutableOopMap {rbx=Oop }
                      ;*new {reexecute=0 rethrow=0 return_oop=0}
                      ; - jdk.internal.reflect.DirectMethodHandleAccessor::invoke@83
  0x0000782938ff2c24: 4f07 e9d5 | fbff ff49 | 8b87 e005 | 0000 49c7 | 87e0 0500 | 0000 0000 | 0049 c787 | e805 0000 
  0x0000782938ff2c44: 0000 0000 | 4881 c420 | 0100 005d 

  0x0000782938ff2c50: ;   {runtime_call C1 Runtime unwind_exception_blob}
  0x0000782938ff2c50: e98b 404f | 07f4 f4f4 
[Stub Code]
  0x0000782938ff2c58: ;   {other}
  0x0000782938ff2c58: 0f1f 4400 

  0x0000782938ff2c5c: ;   {static_stub}
  0x0000782938ff2c5c: 0048 bb00 | 0000 0000 

  0x0000782938ff2c64: ;   {runtime_call nmethod}
  0x0000782938ff2c64: 0000 00e9 | fbff ffff 

  0x0000782938ff2c6c: ;   {static_stub}
  0x0000782938ff2c6c: 9048 bbb0 | 0a73 1629 

  0x0000782938ff2c74: ;   {runtime_call I2C/C2I adapters}
  0x0000782938ff2c74: 7800 00e9 | 4a90 4207 

  0x0000782938ff2c7c: ;   {static_stub}
  0x0000782938ff2c7c: 9048 bb58 | 253c 1429 

  0x0000782938ff2c84: ;   {runtime_call I2C/C2I adapters}
  0x0000782938ff2c84: 7800 00e9 | 3200 4207 

  0x0000782938ff2c8c: ;   {static_stub}
  0x0000782938ff2c8c: 9048 bb00 | 0000 0000 

  0x0000782938ff2c94: ;   {runtime_call nmethod}
  0x0000782938ff2c94: 0000 00e9 | fbff ffff 

  0x0000782938ff2c9c: ;   {static_stub}
  0x0000782938ff2c9c: 9048 bb00 | 0000 0000 

  0x0000782938ff2ca4: ;   {runtime_call nmethod}
  0x0000782938ff2ca4: 0000 00e9 | fbff ffff 

  0x0000782938ff2cac: ;   {static_stub}
  0x0000782938ff2cac: 9048 bb00 | 0000 0000 

  0x0000782938ff2cb4: ;   {runtime_call nmethod}
  0x0000782938ff2cb4: 0000 00e9 | fbff ffff 

  0x0000782938ff2cbc: ;   {static_stub}
  0x0000782938ff2cbc: 9048 bb00 | 0000 0000 

  0x0000782938ff2cc4: ;   {runtime_call nmethod}
  0x0000782938ff2cc4: 0000 00e9 | fbff ffff 

  0x0000782938ff2ccc: ;   {static_stub}
  0x0000782938ff2ccc: 9048 bb68 | 6052 1429 

  0x0000782938ff2cd4: ;   {runtime_call I2C/C2I adapters}
  0x0000782938ff2cd4: 7800 00e9 | 5a1d 4307 

  0x0000782938ff2cdc: ;   {static_stub}
  0x0000782938ff2cdc: 48bb 0000 | 0000 0000 

  0x0000782938ff2ce4: ;   {runtime_call nmethod}
  0x0000782938ff2ce4: 0000 e9fb 

  0x0000782938ff2ce8: ;   {static_stub}
  0x0000782938ff2ce8: ffff ff48 | bb00 0000 | 0000 0000 

  0x0000782938ff2cf4: ;   {runtime_call nmethod}
  0x0000782938ff2cf4: 00e9 fbff 

  0x0000782938ff2cf8: ;   {static_stub}
  0x0000782938ff2cf8: ffff 48bb | 0000 0000 | 0000 0000 

  0x0000782938ff2d04: ;   {runtime_call nmethod}
  0x0000782938ff2d04: e9fb ffff 

  0x0000782938ff2d08: ;   {static_stub}
  0x0000782938ff2d08: ff48 bb00 | 0000 0000 

  0x0000782938ff2d10: ;   {runtime_call nmethod}
  0x0000782938ff2d10: 0000 00e9 | fbff ffff 

  0x0000782938ff2d18: ;   {static_stub}
  0x0000782938ff2d18: 48bb 0000 | 0000 0000 

  0x0000782938ff2d20: ;   {runtime_call nmethod}
  0x0000782938ff2d20: 0000 e9fb 

  0x0000782938ff2d24: ;   {static_stub}
  0x0000782938ff2d24: ffff ff48 | bb00 0000 | 0000 0000 

  0x0000782938ff2d30: ;   {runtime_call nmethod}
  0x0000782938ff2d30: 00e9 fbff 

  0x0000782938ff2d34: ;   {static_stub}
  0x0000782938ff2d34: ffff 48bb | 0000 0000 | 0000 0000 

  0x0000782938ff2d40: ;   {runtime_call nmethod}
  0x0000782938ff2d40: e9fb ffff 

  0x0000782938ff2d44: ;   {static_stub}
  0x0000782938ff2d44: ff48 bb00 | 0000 0000 

  0x0000782938ff2d4c: ;   {runtime_call nmethod}
  0x0000782938ff2d4c: 0000 00e9 | fbff ffff 
[Exception Handler]
  0x0000782938ff2d54: ;   {runtime_call C1 Runtime handle_exception_from_callee_blob}
  0x0000782938ff2d54: e887 6c4f 

  0x0000782938ff2d58: ;   {external_word}
  0x0000782938ff2d58: 0748 bf3c | 7796 5129 | 7800 0048 

  0x0000782938ff2d64: ;   {runtime_call MacroAssembler::debug64(char*, long, long*)}
  0x0000782938ff2d64: 83e4 f0e8 | 5478 3418 

  0x0000782938ff2d6c: ;   {section_word}
  0x0000782938ff2d6c: f449 ba6d | 2dff 3829 | 7800 0041 

  0x0000782938ff2d78: ;   {runtime_call DeoptimizationBlob}
  0x0000782938ff2d78: 52e9 e2cd 

  0x0000782938ff2d7c: ;   {section_word}
  0x0000782938ff2d7c: 4207 49ba | 7e2d ff38 | 2978 0000 

  0x0000782938ff2d88: ;   {runtime_call DeoptimizationBlob}
  0x0000782938ff2d88: 4152 e9d1 | cd42 07f4 
[/MachCode]


Compiled method (c1) 2979 1109       3       java.lang.reflect.Method::invoke (108 bytes)
 total in heap  [0x0000782938ff4188,0x0000782938ff4978] = 2032
 main code      [0x0000782938ff4280,0x0000782938ff48e8] = 1640
 stub code      [0x0000782938ff48e8,0x0000782938ff4978] = 144
 mutable data [0x00007828f8649280,0x00007828f8649358] = 216
 relocation     [0x00007828f8649280,0x00007828f8649340] = 192
 metadata       [0x00007828f8649340,0x00007828f8649358] = 24
 immutable data [0x00007828f86490c0,0x00007828f8649278] = 440
 dependencies   [0x00007828f86490c0,0x00007828f86490c8] = 8
 nul chk table  [0x00007828f86490c8,0x00007828f86490e8] = 32
 scopes pcs     [0x00007828f86490e8,0x00007828f86491b8] = 208
 scopes data    [0x00007828f86491b8,0x00007828f8649278] = 192

[Constant Pool (empty)]

[MachCode]
[Instructions begin]
  0x0000782938ff4280: 6666 660f | 1f84 0000 | 0000 0066 | 6666 9066 | 6690 448b | 5608 443b 

  0x0000782938ff4298: ;   {runtime_call Shared Runtime ic_miss_blob}
  0x0000782938ff4298: 5008 0f85 | 4091 4207 
[Verified Entry Point]
  0x0000782938ff42a0: 8984 2400 | c0fe ff55 | 4881 ec80 | 0000 0090 | 4181 7f20 | 0700 0000 

  0x0000782938ff42b8: ;   {runtime_call Stub::method_entry_barrier}
  0x0000782938ff42b8: 7405 e861 | 0c41 0748 | 8974 2448 | 4889 5424 

  0x0000782938ff42c8: ;   {metadata(method data for {method} {0x0000782914066808} 'invoke' '(Ljava/lang/Object;[Ljava/lang/Object;)Ljava/lang/Object;' in 'java/lang/reflect/Method')}
  0x0000782938ff42c8: 5048 bf70 | 41bd 1429 | 7800 008b | 9f90 0000 | 0083 c302 | 899f 9000 | 0000 81e3 | fe07 0000 
  0x0000782938ff42e8: 85db 0f84 | 4f05 0000 | 4889 4c24 | 5848 8bfe 

  0x0000782938ff42f8: ;   {metadata(method data for {method} {0x0000782914066808} 'invoke' '(Ljava/lang/Object;[Ljava/lang/Object;)Ljava/lang/Object;' in 'java/lang/reflect/Method')}
  0x0000782938ff42f8: 48bb 7041 | bd14 2978 | 0000 4883 | 83d8 0000 | 0001 488b | fe48 8bf7 | 0f1f 8000 

  0x0000782938ff4314: ;   {optimized virtual_call}
  0x0000782938ff4314: 0000 00e8 

  0x0000782938ff4318: ; ImmutableOopMap {[72]=Oop [80]=Oop [88]=Oop }
                      ;*invokevirtual isCallerSensitive {reexecute=0 rethrow=0 return_oop=0}
                      ; - java.lang.reflect.Method::invoke@1
  0x0000782938ff4318: 84f6 ffff 

  0x0000782938ff431c: ;   {post_call_nop}
  0x0000782938ff431c: 0f1f 8400 | 9401 0000 | 488b 7424 | 480f be7e 

  0x0000782938ff432c: ;   {metadata(method data for {method} {0x0000782914066808} 'invoke' '(Ljava/lang/Object;[Ljava/lang/Object;)Ljava/lang/Object;' in 'java/lang/reflect/Method')}
  0x0000782938ff432c: 0c85 ff48 | bf70 41bd | 1429 7800 | 00bb 0801 | 0000 7405 | bb18 0100 | 0048 8b14 | 1f48 8d52 
  0x0000782938ff434c: 0148 8914 | 1f0f 843d | 0000 0085 

  0x0000782938ff4358: ;   {metadata(method data for {method} {0x0000782914066808} 'invoke' '(Ljava/lang/Object;[Ljava/lang/Object;)Ljava/lang/Object;' in 'java/lang/reflect/Method')}
  0x0000782938ff4358: c048 bf70 | 41bd 1429 | 7800 00bb | 3801 0000 | 7505 bb28 | 0100 0048 | 8b14 1f48 | 8d52 0148 
  0x0000782938ff4378: 8914 1f0f | 8513 0000 

  0x0000782938ff4380: ;   {oop(nullptr)}
  0x0000782938ff4380: 0048 bf00 | 0000 0000 | 0000 0089 | 4424 60e9 | 3000 0000 | 8944 2460 

  0x0000782938ff4398: ;   {metadata(method data for {method} {0x0000782914066808} 'invoke' '(Ljava/lang/Object;[Ljava/lang/Object;)Ljava/lang/Object;' in 'java/lang/reflect/Method')}
  0x0000782938ff4398: 48bf 7041 | bd14 2978 | 0000 4883 | 8748 0100 | 0001 0f1f 

  0x0000782938ff43ac: ;   {static_call}
  0x0000782938ff43ac: 4400 00e8 

  0x0000782938ff43b0: ; ImmutableOopMap {[72]=Oop [80]=Oop [88]=Oop }
                      ;*invokestatic getCallerClass {reexecute=0 rethrow=0 return_oop=0}
                      ; - java.lang.reflect.Method::invoke@19
  0x0000782938ff43b0: 5cb6 9a07 

  0x0000782938ff43b4: ;   {post_call_nop}
  0x0000782938ff43b4: 0f1f 8400 | 2c02 0001 | 488b f848 | 8b74 2448 | 0fbe 560c 

  0x0000782938ff43c8: ;   {metadata(method data for {method} {0x0000782914066808} 'invoke' '(Ljava/lang/Object;[Ljava/lang/Object;)Ljava/lang/Object;' in 'java/lang/reflect/Method')}
  0x0000782938ff43c8: 85d2 48ba | 7041 bd14 | 2978 0000 | b968 0100 | 0074 05b9 | 5801 0000 | 4c8b 040a | 4d8d 4001 
  0x0000782938ff43e8: 4c89 040a | 0f84 0a00 | 0000 4889 | 7c24 68e9 | 2502 0000 | 8b4e 1c44 

  0x0000782938ff4400: ;   {metadata(method data for {method} {0x0000782914066808} 'invoke' '(Ljava/lang/Object;[Ljava/lang/Object;)Ljava/lang/Object;' in 'java/lang/reflect/Method')}
  0x0000782938ff4400: 8b4e 5048 | ba70 41bd | 1429 7800 | 0048 8382 | 7801 0000 

  0x0000782938ff4414: ;   {metadata(method data for {method} {0x00007829142703b0} 'isStatic' '(I)Z' in 'java/lang/reflect/Modifier')}
  0x0000782938ff4414: 0148 ba40 | 3a8b 1429 | 7800 0044 | 8b82 9000 | 0000 4183 | c002 4489 | 8290 0000 | 0041 81e0 
  0x0000782938ff4434: feff 1f00 | 4585 c00f | 841f 0400 | 0049 8bd1 | 83e2 0885 

  0x0000782938ff4448: ;   {metadata(method data for {method} {0x00007829142703b0} 'isStatic' '(I)Z' in 'java/lang/reflect/Modifier')}
  0x0000782938ff4448: d248 ba40 | 3a8b 1429 | 7800 0041 | b8d8 0000 | 0074 0641 | b8e8 0000 | 004a 8b1c | 0248 8d5b 
  0x0000782938ff4468: 014a 891c | 020f 841a 

  0x0000782938ff4470: ;   {metadata(method data for {method} {0x00007829142703b0} 'isStatic' '(I)Z' in 'java/lang/reflect/Modifier')}
  0x0000782938ff4470: 0000 0048 | ba40 3a8b | 1429 7800 | 00ff 82f8 | 0000 00ba | 0100 0000 | e905 0000 | 00ba 0000 
  0x0000782938ff4490: 0000 83e2 

  0x0000782938ff4494: ;   {metadata(method data for {method} {0x0000782914066808} 'invoke' '(Ljava/lang/Object;[Ljava/lang/Object;)Ljava/lang/Object;' in 'java/lang/reflect/Method')}
  0x0000782938ff4494: 0185 d248 | ba70 41bd | 1429 7800 | 0041 b888 | 0100 0074 | 0641 b898 | 0100 004a | 8b1c 0248 
  0x0000782938ff44b4: 8d5b 014a | 891c 020f | 841f 0000 

  0x0000782938ff44c0: ;   {metadata(method data for {method} {0x0000782914066808} 'invoke' '(Ljava/lang/Object;[Ljava/lang/Object;)Ljava/lang/Object;' in 'java/lang/reflect/Method')}
  0x0000782938ff44c0: 0048 ba70 | 41bd 1429 | 7800 00ff | 82a8 0100 

  0x0000782938ff44d0: ;   {oop(nullptr)}
  0x0000782938ff44d0: 0049 b800 | 0000 0000 | 0000 00e9 | 9a00 0000 | 488b 5424 | 5048 3b02 

  0x0000782938ff44e8: ;   {metadata(method data for {method} {0x0000782914066808} 'invoke' '(Ljava/lang/Object;[Ljava/lang/Object;)Ljava/lang/Object;' in 'java/lang/reflect/Method')}
  0x0000782938ff44e8: 4c8b c248 | bb70 41bd | 1429 7800 | 0045 8b40 | 084c 3b83 | c801 0000 | 750d 4883 | 83d0 0100 
  0x0000782938ff4508: 0001 e960 | 0000 004c | 3b83 d801 | 0000 750d | 4883 83e0 | 0100 0001 | e94a 0000 | 0048 83bb 
  0x0000782938ff4528: c801 0000 | 0075 174c | 8983 c801 | 0000 48c7 | 83d0 0100 | 0001 0000 | 00e9 2900 | 0000 4883 
  0x0000782938ff4548: bbd8 0100 | 0000 7517 | 4c89 83d8 | 0100 0048 | c783 e001 | 0000 0100 | 0000 e908 | 0000 0048 
  0x0000782938ff4568: 8383 c001 | 0000 0144 | 8b42 084d | 8b40 704d | 8b00 488b 

  0x0000782938ff457c: ;   {metadata(method data for {method} {0x0000782914066808} 'invoke' '(Ljava/lang/Object;[Ljava/lang/Object;)Ljava/lang/Object;' in 'java/lang/reflect/Method')}
  0x0000782938ff457c: de48 b870 | 41bd 1429 | 7800 008b | 5b08 483b | 98f8 0100 | 0075 0d48 | 8380 0002 | 0000 01e9 
  0x0000782938ff459c: 6000 0000 | 483b 9808 | 0200 0075 | 0d48 8380 | 1002 0000 | 01e9 4a00 | 0000 4883 | b8f8 0100 
  0x0000782938ff45bc: 0000 7517 | 4889 98f8 | 0100 0048 | c780 0002 | 0000 0100 | 0000 e929 | 0000 0048 | 83b8 0802 
  0x0000782938ff45dc: 0000 0075 | 1748 8998 | 0802 0000 | 48c7 8010 | 0200 0001 | 0000 00e9 | 0800 0000 | 4883 80f0 
  0x0000782938ff45fc: 0100 0001 | 488b d748 | 8bc6 488b | f048 897c 

  0x0000782938ff460c: ;   {optimized virtual_call}
  0x0000782938ff460c: 2468 90e8 

  0x0000782938ff4610: ; ImmutableOopMap {[72]=Oop [80]=Oop [88]=Oop [104]=Oop }
                      ;*invokevirtual checkAccess {reexecute=0 rethrow=0 return_oop=0}
                      ; - java.lang.reflect.Method::invoke@60
  0x0000782938ff4610: 8cba ffff 

  0x0000782938ff4614: ;   {post_call_nop}
  0x0000782938ff4614: 0f1f 8400 | 8c04 0002 | 488b 7424 | 488b 7e48 

  0x0000782938ff4624: ;   {metadata(method data for {method} {0x0000782914066808} 'invoke' '(Ljava/lang/Object;[Ljava/lang/Object;)Ljava/lang/Object;' in 'java/lang/reflect/Method')}
  0x0000782938ff4624: 4885 ff48 | bb70 41bd | 1429 7800 | 00b8 2002 | 0000 7505 | b830 0200 | 0048 8b14 | 0348 8d52 
  0x0000782938ff4644: 0148 8914 | 030f 8528 | 0000 0048 

  0x0000782938ff4650: ;   {metadata(method data for {method} {0x0000782914066808} 'invoke' '(Ljava/lang/Object;[Ljava/lang/Object;)Ljava/lang/Object;' in 'java/lang/reflect/Method')}
  0x0000782938ff4650: 8bfe 48bb | 7041 bd14 | 2978 0000 | 4883 8340 | 0200 0001 

  0x0000782938ff4664: ;   {optimized virtual_call}
  0x0000782938ff4664: 6666 90e8 

  0x0000782938ff4668: ; ImmutableOopMap {[80]=Oop [88]=Oop [104]=Oop }
                      ;*invokevirtual acquireMethodAccessor {reexecute=0 rethrow=0 return_oop=0}
                      ; - java.lang.reflect.Method::invoke@75
  0x0000782938ff4668: cd02 0000 

  0x0000782938ff466c: ;   {post_call_nop}
  0x0000782938ff466c: 0f1f 8400 | e404 0003 | 488b f88b | 4424 6085 

  0x0000782938ff467c: ;   {metadata(method data for {method} {0x0000782914066808} 'invoke' '(Ljava/lang/Object;[Ljava/lang/Object;)Ljava/lang/Object;' in 'java/lang/reflect/Method')}
  0x0000782938ff467c: c048 ba70 | 41bd 1429 | 7800 00b9 | 7002 0000 | 7405 b980 | 0200 004c | 8b04 0a4d | 8d40 014c 
  0x0000782938ff469c: 8904 0a0f | 84da 0000 | 004c 8b44 | 2468 483b | 0748 8bd7 

  0x0000782938ff46b0: ;   {metadata(method data for {method} {0x0000782914066808} 'invoke' '(Ljava/lang/Object;[Ljava/lang/Object;)Ljava/lang/Object;' in 'java/lang/reflect/Method')}
  0x0000782938ff46b0: 48b9 7041 | bd14 2978 | 0000 8b52 | 0848 3b91 | 9802 0000 | 750d 4883 | 81a0 0200 | 0001 e960 
  0x0000782938ff46d0: 0000 0048 | 3b91 a802 | 0000 750d | 4883 81b0 | 0200 0001 | e94a 0000 | 0048 83b9 | 9802 0000 
  0x0000782938ff46f0: 0075 1748 | 8991 9802 | 0000 48c7 | 81a0 0200 | 0001 0000 | 00e9 2900 | 0000 4883 | b9a8 0200 
  0x0000782938ff4710: 0000 7517 | 4889 91a8 | 0200 0048 | c781 b002 | 0000 0100 | 0000 e908 | 0000 0048 | 8381 9002 
  0x0000782938ff4730: 0000 0148 | 8b54 2450 | 488b 4c24 | 5848 8bf7 | 0f1f 4400 | 0048 b8e0 | 9464 f828 

  0x0000782938ff474c: ;   {virtual_call}
  0x0000782938ff474c: 7800 00e8 

  0x0000782938ff4750: ; ImmutableOopMap {}
                      ;*invokeinterface invoke {reexecute=0 rethrow=0 return_oop=0}
                      ; - java.lang.reflect.Method::invoke@90
  0x0000782938ff4750: 8c92 4207 

  0x0000782938ff4754: ;   {post_call_nop}
  0x0000782938ff4754: 0f1f 8400 | cc05 0004 

  0x0000782938ff475c: ;   {metadata(method data for {method} {0x0000782914066808} 'invoke' '(Ljava/lang/Object;[Ljava/lang/Object;)Ljava/lang/Object;' in 'java/lang/reflect/Method')}
  0x0000782938ff475c: 48ba 7041 | bd14 2978 | 0000 ff82 | c002 0000 | 4881 c480 | 0000 005d 

  0x0000782938ff4774: ;   {poll_return}
  0x0000782938ff4774: 493b 6728 | 0f87 0d01 | 0000 c348 | 8b4c 2458 | 488b 5424 | 5048 3b07 

  0x0000782938ff478c: ;   {metadata(method data for {method} {0x0000782914066808} 'invoke' '(Ljava/lang/Object;[Ljava/lang/Object;)Ljava/lang/Object;' in 'java/lang/reflect/Method')}
  0x0000782938ff478c: 488b f748 | bb70 41bd | 1429 7800 | 008b 7608 | 483b b3e0 | 0200 0075 | 0d48 8383 | e802 0000 
  0x0000782938ff47ac: 01e9 6000 | 0000 483b | b3f0 0200 | 0075 0d48 | 8383 f802 | 0000 01e9 | 4a00 0000 | 4883 bbe0 
  0x0000782938ff47cc: 0200 0000 | 7517 4889 | b3e0 0200 | 0048 c783 | e802 0000 | 0100 0000 | e929 0000 | 0048 83bb 
  0x0000782938ff47ec: f002 0000 | 0075 1748 | 89b3 f002 | 0000 48c7 | 83f8 0200 | 0001 0000 | 00e9 0800 | 0000 4883 
  0x0000782938ff480c: 83d8 0200 | 0001 488b | f748 b808 | 9564 f828 

  0x0000782938ff481c: ;   {virtual_call}
  0x0000782938ff481c: 7800 00e8 

  0x0000782938ff4820: ; ImmutableOopMap {}
                      ;*invokeinterface invoke {reexecute=0 rethrow=0 return_oop=0}
                      ; - java.lang.reflect.Method::invoke@102
  0x0000782938ff4820: 6ec8 ffff 

  0x0000782938ff4824: ;   {post_call_nop}
  0x0000782938ff4824: 0f1f 8400 | 9c06 0005 | 4881 c480 | 0000 005d 

  0x0000782938ff4834: ;   {poll_return}
  0x0000782938ff4834: 493b 6728 | 0f87 6800 

  0x0000782938ff483c: ;   {metadata({method} {0x0000782914066808} 'invoke' '(Ljava/lang/Object;[Ljava/lang/Object;)Ljava/lang/Object;' in 'java/lang/reflect/Method')}
  0x0000782938ff483c: 0000 c349 | ba08 6806 | 1429 7800 | 004c 8954 | 2408 48c7 | 0424 ffff 

  0x0000782938ff4854: ;   {runtime_call C1 Runtime counter_overflow_blob}
  0x0000782938ff4854: ffff e885 

  0x0000782938ff4858: ; ImmutableOopMap {rsi=Oop rdx=Oop rcx=Oop [72]=Oop [80]=Oop }
                      ;*synchronization entry
                      ; - java.lang.reflect.Method::invoke@-1
  0x0000782938ff4858: 854f 07e9 | 90fa ffff 

  0x0000782938ff4860: ;   {metadata({method} {0x00007829142703b0} 'isStatic' '(I)Z' in 'java/lang/reflect/Modifier')}
  0x0000782938ff4860: 49ba b003 | 2714 2978 | 0000 4c89 | 5424 0848 | c704 24ff 

  0x0000782938ff4874: ;   {runtime_call C1 Runtime counter_overflow_blob}
  0x0000782938ff4874: ffff ffe8 

  0x0000782938ff4878: ; ImmutableOopMap {rdi=Oop rsi=Oop rcx=Oop [72]=Oop [80]=Oop [88]=Oop }
                      ;*synchronization entry
                      ; - java.lang.reflect.Modifier::isStatic@-1
                      ; - java.lang.reflect.Method::invoke@42
  0x0000782938ff4878: 6485 4f07 | e9c0 fbff 

  0x0000782938ff4880: ;   {runtime_call C1 Runtime throw_null_pointer_exception_blob}
  0x0000782938ff4880: ffe8 5a33 

  0x0000782938ff4884: ; ImmutableOopMap {rdi=Oop rsi=Oop rcx=Oop rdx=Oop [72]=Oop [80]=Oop [88]=Oop }
                      ;*invokevirtual getClass {reexecute=0 rethrow=0 return_oop=0}
                      ; - java.lang.reflect.Method::invoke@53
                      ;   {runtime_call C1 Runtime throw_null_pointer_exception_blob}
  0x0000782938ff4884: 4f07 e855 

  0x0000782938ff4888: ; ImmutableOopMap {rdi=Oop r8=Oop [80]=Oop [88]=Oop }
                      ;*invokeinterface invoke {reexecute=0 rethrow=0 return_oop=0}
                      ; - java.lang.reflect.Method::invoke@90
                      ;   {internal_word}
  0x0000782938ff4888: 334f 0749 | ba74 47ff | 3829 7800 | 004d 8997 | 3805 0000 

  0x0000782938ff489c: ;   {runtime_call SafepointBlob}
  0x0000782938ff489c: e9bf af42 

  0x0000782938ff48a0: ;   {runtime_call C1 Runtime throw_null_pointer_exception_blob}
  0x0000782938ff48a0: 07e8 3a33 

  0x0000782938ff48a4: ; ImmutableOopMap {rdx=Oop rcx=Oop rdi=Oop [80]=Oop }
                      ;*invokeinterface invoke {reexecute=0 rethrow=0 return_oop=0}
                      ; - java.lang.reflect.Method::invoke@102
                      ;   {internal_word}
  0x0000782938ff48a4: 4f07 49ba | 3448 ff38 | 2978 0000 | 4d89 9738 

  0x0000782938ff48b4: ;   {runtime_call SafepointBlob}
  0x0000782938ff48b4: 0500 00e9 | a4af 4207 | 498b 87e0 | 0500 0049 | c787 e005 | 0000 0000 | 0000 49c7 | 87e8 0500 
  0x0000782938ff48d4: 0000 0000 | 0048 81c4 | 8000 0000 

  0x0000782938ff48e0: ;   {runtime_call C1 Runtime unwind_exception_blob}
  0x0000782938ff48e0: 5de9 fa23 | 4f07 f4f4 
[Stub Code]
  0x0000782938ff48e8: ;   {other}
  0x0000782938ff48e8: 0f1f 4400 

  0x0000782938ff48ec: ;   {static_stub}
  0x0000782938ff48ec: 0048 bb00 | 0000 0000 

  0x0000782938ff48f4: ;   {runtime_call nmethod}
  0x0000782938ff48f4: 0000 00e9 | fbff ffff 

  0x0000782938ff48fc: ;   {static_stub}
  0x0000782938ff48fc: 9048 bb00 | 0000 0000 

  0x0000782938ff4904: ;   {runtime_call nmethod}
  0x0000782938ff4904: 0000 00e9 | fbff ffff 

  0x0000782938ff490c: ;   {static_stub}
  0x0000782938ff490c: 48bb 0000 | 0000 0000 

  0x0000782938ff4914: ;   {runtime_call nmethod}
  0x0000782938ff4914: 0000 e9fb 

  0x0000782938ff4918: ;   {static_stub}
  0x0000782938ff4918: ffff ff48 | bb00 0000 | 0000 0000 

  0x0000782938ff4924: ;   {runtime_call nmethod}
  0x0000782938ff4924: 00e9 fbff 

  0x0000782938ff4928: ;   {static_stub}
  0x0000782938ff4928: ffff 48bb | 0000 0000 | 0000 0000 

  0x0000782938ff4934: ;   {runtime_call nmethod}
  0x0000782938ff4934: e9fb ffff 

  0x0000782938ff4938: ;   {static_stub}
  0x0000782938ff4938: ff48 bb20 | 6e06 1429 

  0x0000782938ff4940: ;   {runtime_call I2C/C2I adapters}
  0x0000782938ff4940: 7800 00e9 | eaa2 4207 
[Exception Handler]
  0x0000782938ff4948: ;   {runtime_call C1 Runtime handle_exception_from_callee_blob}
  0x0000782938ff4948: e893 504f 

  0x0000782938ff494c: ;   {external_word}
  0x0000782938ff494c: 0748 bf3c | 7796 5129 | 7800 0048 

  0x0000782938ff4958: ;   {runtime_call MacroAssembler::debug64(char*, long, long*)}
  0x0000782938ff4958: 83e4 f0e8 | 605c 3418 

  0x0000782938ff4960: ;   {section_word}
  0x0000782938ff4960: f449 ba61 | 49ff 3829 | 7800 0041 

  0x0000782938ff496c: ;   {runtime_call DeoptimizationBlob}
  0x0000782938ff496c: 52e9 eeb1 | 4207 f4f4 | f4f4 f4f4 
[/MachCode]


Compiled method (c1) 2983  492       3       java.lang.invoke.DirectMethodHandle$Holder::invokeStatic (15 bytes)
 total in heap  [0x0000782938f24688,0x0000782938f24c08] = 1408
 main code      [0x0000782938f24780,0x0000782938f24bb8] = 1080
 stub code      [0x0000782938f24bb8,0x0000782938f24c08] = 80
 mutable data [0x00007828f80e3cf0,0x00007828f80e3d60] = 112
 relocation     [0x00007828f80e3cf0,0x00007828f80e3d50] = 96
 metadata       [0x00007828f80e3d50,0x00007828f80e3d60] = 16
 immutable data [0x00007828f80e3c10,0x00007828f80e3ce0] = 208
 dependencies   [0x00007828f80e3c10,0x00007828f80e3c18] = 8
 nul chk table  [0x00007828f80e3c18,0x00007828f80e3c28] = 16
 scopes pcs     [0x00007828f80e3c28,0x00007828f80e3c98] = 112
 scopes data    [0x00007828f80e3c98,0x00007828f80e3ce0] = 72

[Constant Pool (empty)]

[MachCode]
[Verified Entry Point]
  # {method} {0x0000782914357ba0} 'invokeStatic' '(Ljava/lang/Object;Ljava/lang/Object;Ljava/lang/Object;)Ljava/lang/Object;' in 'java/lang/invoke/DirectMethodHandle$Holder'
  # parm0:    rsi:rsi   = 'java/lang/Object'
  # parm1:    rdx:rdx   = 'java/lang/Object'
  # parm2:    rcx:rcx   = 'java/lang/Object'
  #           [sp+0x50]  (sp of caller)
  0x0000782938f24780: e9db 1a4b | 07fe ff55 | 4883 ec40 | 4181 7f20 | 0700 0000 

  0x0000782938f24794: ;   {runtime_call Stub::method_entry_barrier}
  0x0000782938f24794: 7405 e885 

  0x0000782938f24798: ;   {metadata(method data for {method} {0x0000782914357ba0} 'invokeStatic' '(Ljava/lang/Object;Ljava/lang/Object;Ljava/lang/Object;)Ljava/lang/Object;' in 'java/lang/invoke/DirectMethodHandle$Holder')}
  0x0000782938f24798: 074e 0748 | bfd0 c18c | 1429 7800 | 0048 8dbf | e001 0000 | 4885 f675 | 0cf6 0701 | 7522 f048 
  0x0000782938f247b8: 830f 01eb | 1b8b 5e08 | 4c8b d348 | 331f 48f7 | c3fc ffff | ff74 09f6 | c302 7504 | 4883 0f02 
  0x0000782938f247d8: 4885 d275 | 0ef6 4710 | 0175 25f0 | 4883 4f10 | 01eb 1d8b | 5a08 4c8b | d348 335f | 1048 f7c3 
  0x0000782938f247f8: fcff ffff | 740a f6c3 | 0275 0548 | 834f 1002 

  0x0000782938f24808: ;   {metadata(method data for {method} {0x0000782914357ba0} 'invokeStatic' '(Ljava/lang/Object;Ljava/lang/Object;Ljava/lang/Object;)Ljava/lang/Object;' in 'java/lang/invoke/DirectMethodHandle$Holder')}
  0x0000782938f24808: 48bf d0c1 | 8c14 2978 | 0000 8b9f | 9000 0000 | 83c3 0289 | 9f90 0000 | 0081 e3fe | 0700 0085 
  0x0000782938f24828: db0f 84f8 

  0x0000782938f2482c: ;   {metadata(method data for {method} {0x0000782914357ba0} 'invokeStatic' '(Ljava/lang/Object;Ljava/lang/Object;Ljava/lang/Object;)Ljava/lang/Object;' in 'java/lang/invoke/DirectMethodHandle$Holder')}
  0x0000782938f2482c: 0200 0048 | bfd0 c18c | 1429 7800 | 0048 8dbf | e800 0000 | 4885 f675 | 0ef6 4708 | 0175 45f0 
  0x0000782938f2484c: 4883 4f08 | 01eb 3d8b | 5e08 4c8b | d348 335f | 0848 f7c3 | fcff ffff | 742a f6c3 | 0275 2548 
  0x0000782938f2486c: f747 08fe | ffff ff74 | 1749 8bda | 4833 5f08 | 48f7 c3fc | ffff ff74 | 0b48 834f | 0802 eb04 
  0x0000782938f2488c: 4889 5f08 

  0x0000782938f24890: ;   {metadata(method data for {method} {0x0000782914357ba0} 'invokeStatic' '(Ljava/lang/Object;Ljava/lang/Object;Ljava/lang/Object;)Ljava/lang/Object;' in 'java/lang/invoke/DirectMethodHandle$Holder')}
  0x0000782938f24890: 48bf d0c1 | 8c14 2978 | 0000 4883 | 87d8 0000 

  0x0000782938f248a0: ;   {metadata(method data for {method} {0x0000782914079a70} 'internalMemberName' '(Ljava/lang/Object;)Ljava/lang/Object;' in 'java/lang/invoke/DirectMethodHandle')}
  0x0000782938f248a0: 0001 48bf | e8c3 8a14 | 2978 0000 | 8b9f 9000 | 0000 83c3 | 0289 9f90 | 0000 0081 | e3fe ff1f 
  0x0000782938f248c0: 0085 db0f | 847f 0200 | 0048 85f6 

  0x0000782938f248cc: ;   {metadata(method data for {method} {0x0000782914079a70} 'internalMemberName' '(Ljava/lang/Object;)Ljava/lang/Object;' in 'java/lang/invoke/DirectMethodHandle')}
  0x0000782938f248cc: 48bb e8c3 | 8a14 2978 | 0000 750c | 808b d100 | 0000 01e9 | 9500 0000 | 8b46 0848 | 3b83 e000 
  0x0000782938f248ec: 0000 750d | 4883 83e8 | 0000 0001 | e960 0000 | 0048 3b83 | f000 0000 | 750d 4883 | 83f8 0000 
  0x0000782938f2490c: 0001 e94a | 0000 0048 | 83bb e000 | 0000 0075 | 1748 8983 | e000 0000 | 48c7 83e8 | 0000 0001 
  0x0000782938f2492c: 0000 00e9 | 2900 0000 | 4883 bbf0 | 0000 0000 | 7517 4889 | 83f0 0000 | 0048 c783 | f800 0000 
  0x0000782938f2494c: 0100 0000 | e908 0000 | 0048 8383 | d800 0000 

  0x0000782938f2495c: ;   {metadata('java/lang/invoke/DirectMethodHandle')}
  0x0000782938f2495c: 0148 b850 | cb00 1300 | 0000 008b | 5e08 483b | 4340 0f85 | f501 0000 | e900 0000 | 008b 7e20 
  0x0000782938f2497c: ;   {metadata(method data for {method} {0x0000782914357ba0} 'invokeStatic' '(Ljava/lang/Object;Ljava/lang/Object;Ljava/lang/Object;)Ljava/lang/Object;' in 'java/lang/invoke/DirectMethodHandle$Holder')}
  0x0000782938f2497c: 48be d0c1 | 8c14 2978 | 0000 488d | b6f8 0000 | 0048 85ff | 750c f606 | 0175 46f0 | 4883 0e01 
  0x0000782938f2499c: ;   {metadata('java/lang/invoke/MemberName')}
  0x0000782938f2499c: eb3f 48bb | 90d1 0013 | 0000 0000 | 4c8b d348 | 331e 48f7 | c3fc ffff | ff74 26f6 | c302 7521 
  0x0000782938f249bc: 48f7 06fe | ffff ff74 | 1549 8bda | 4833 1e48 | f7c3 fcff | ffff 7409 | 4883 0e02 | eb03 4889 
  0x0000782938f249dc: ;   {metadata(method data for {method} {0x0000782914357ba0} 'invokeStatic' '(Ljava/lang/Object;Ljava/lang/Object;Ljava/lang/Object;)Ljava/lang/Object;' in 'java/lang/invoke/DirectMethodHandle$Holder')}
  0x0000782938f249dc: 1e48 bed0 | c18c 1429 | 7800 0048 | 8db6 4801 | 0000 4885 | d275 0ef6 | 4608 0175 | 45f0 4883 
  0x0000782938f249fc: 4e08 01eb | 3d8b 5a08 | 4c8b d348 | 335e 0848 | f7c3 fcff | ffff 742a | f6c3 0275 | 2548 f746 
  0x0000782938f24a1c: 08fe ffff | ff74 1749 | 8bda 4833 | 5e08 48f7 | c3fc ffff | ff74 0b48 | 834e 0802 | eb04 4889 
  0x0000782938f24a3c: 5e08 4885 | c975 0ef6 | 4618 0175 | 45f0 4883 | 4e18 01eb | 3d8b 5908 | 4c8b d348 | 335e 1848 
  0x0000782938f24a5c: f7c3 fcff | ffff 742a | f6c3 0275 | 2548 f746 | 18fe ffff | ff74 1749 | 8bda 4833 | 5e18 48f7 
  0x0000782938f24a7c: c3fc ffff | ff74 0b48 | 834e 1802 | eb04 4889 

  0x0000782938f24a8c: ;   {metadata(method data for {method} {0x0000782914357ba0} 'invokeStatic' '(Ljava/lang/Object;Ljava/lang/Object;Ljava/lang/Object;)Ljava/lang/Object;' in 'java/lang/invoke/DirectMethodHandle$Holder')}
  0x0000782938f24a8c: 5e18 48be | d0c1 8c14 | 2978 0000 | 4883 8638 | 0100 0001 | 488b f248 | 8bd1 488b | cf66 0f1f 
  0x0000782938f24aac: ;   {static_call}
  0x0000782938f24aac: 4400 00e8 

  0x0000782938f24ab0: ; ImmutableOopMap {}
                      ;*invokestatic linkToStatic {reexecute=0 rethrow=0 return_oop=0}
                      ; - java.lang.invoke.DirectMethodHandle$Holder::invokeStatic@11
  0x0000782938f24ab0: cce5 a307 

  0x0000782938f24ab4: ;   {post_call_nop}
  0x0000782938f24ab4: 0f1f 8400 | 2c04 0000 

  0x0000782938f24abc: ;   {metadata(method data for {method} {0x0000782914357ba0} 'invokeStatic' '(Ljava/lang/Object;Ljava/lang/Object;Ljava/lang/Object;)Ljava/lang/Object;' in 'java/lang/invoke/DirectMethodHandle$Holder')}
  0x0000782938f24abc: 48be d0c1 | 8c14 2978 | 0000 488d | b668 0100 | 0048 85c0 | 750c f606 | 0175 40f0 | 4883 0e01 
  0x0000782938f24adc: eb39 8b78 | 084c 8bd7 | 4833 3e48 | f7c7 fcff | ffff 7427 | 40f6 c702 | 7521 48f7 | 06fe ffff 
  0x0000782938f24afc: ff74 1549 | 8bfa 4833 | 3e48 f7c7 | fcff ffff | 7409 4883 | 0e02 eb03 | 4889 3e48 | 83c4 405d 
  0x0000782938f24b1c: ;   {poll_return}
  0x0000782938f24b1c: 493b 6728 | 0f87 5100 

  0x0000782938f24b24: ;   {metadata({method} {0x0000782914357ba0} 'invokeStatic' '(Ljava/lang/Object;Ljava/lang/Object;Ljava/lang/Object;)Ljava/lang/Object;' in 'java/lang/invoke/DirectMethodHandle$Holder')}
  0x0000782938f24b24: 0000 c349 | baa0 7b35 | 1429 7800 | 004c 8954 | 2408 48c7 | 0424 ffff 

  0x0000782938f24b3c: ;   {runtime_call C1 Runtime counter_overflow_blob}
  0x0000782938f24b3c: ffff e89d 

  0x0000782938f24b40: ; ImmutableOopMap {rsi=Oop rdx=Oop rcx=Oop }
                      ;*synchronization entry
                      ; - java.lang.invoke.DirectMethodHandle$Holder::invokeStatic@-1
  0x0000782938f24b40: 825c 07e9 | e7fc ffff 

  0x0000782938f24b48: ;   {metadata({method} {0x0000782914079a70} 'internalMemberName' '(Ljava/lang/Object;)Ljava/lang/Object;' in 'java/lang/invoke/DirectMethodHandle')}
  0x0000782938f24b48: 49ba 709a | 0714 2978 | 0000 4c89 | 5424 0848 | c704 24ff 

  0x0000782938f24b5c: ;   {runtime_call C1 Runtime counter_overflow_blob}
  0x0000782938f24b5c: ffff ffe8 

  0x0000782938f24b60: ; ImmutableOopMap {rsi=Oop rdx=Oop rcx=Oop }
                      ;*synchronization entry
                      ; - java.lang.invoke.DirectMethodHandle::internalMemberName@-1
                      ; - java.lang.invoke.DirectMethodHandle$Holder::invokeStatic@1
  0x0000782938f24b60: 7c82 5c07 | e960 fdff | ff48 8934 

  0x0000782938f24b6c: ;   {runtime_call C1 Runtime throw_class_cast_exception_blob}
  0x0000782938f24b6c: 24e8 6e54 

  0x0000782938f24b70: ; ImmutableOopMap {rdx=Oop rcx=Oop }
                      ;*checkcast {reexecute=0 rethrow=0 return_oop=0}
                      ; - java.lang.invoke.DirectMethodHandle::internalMemberName@1
                      ; - java.lang.invoke.DirectMethodHandle$Holder::invokeStatic@1
                      ;   {runtime_call C1 Runtime throw_null_pointer_exception_blob}
  0x0000782938f24b70: 5c07 e869 

  0x0000782938f24b74: ; ImmutableOopMap {rdx=Oop rcx=Oop }
                      ;*getfield member {reexecute=1 rethrow=0 return_oop=0}
                      ; - (reexecute) java.lang.invoke.DirectMethodHandle::internalMemberName@4
                      ; - java.lang.invoke.DirectMethodHandle$Holder::invokeStatic@1
                      ;   {internal_word}
  0x0000782938f24b74: 305c 0749 | ba1c 4bf2 | 3829 7800 | 004d 8997 | 3805 0000 

  0x0000782938f24b88: ;   {runtime_call SafepointBlob}
  0x0000782938f24b88: e9d3 ac4f | 0749 8b87 | e005 0000 | 49c7 87e0 | 0500 0000 | 0000 0049 | c787 e805 | 0000 0000 
  0x0000782938f24ba8: 0000 4883 

  0x0000782938f24bac: ;   {runtime_call C1 Runtime unwind_exception_blob}
  0x0000782938f24bac: c440 5de9 | 2c21 5c07 | f4f4 f4f4 
[Stub Code]
  0x0000782938f24bb8: ;   {static_stub}
  0x0000782938f24bb8: 48bb 0000 | 0000 0000 

  0x0000782938f24bc0: ;   {runtime_call nmethod}
  0x0000782938f24bc0: 0000 e9fb 

  0x0000782938f24bc4: ;   {runtime_call C1 Runtime handle_exception_from_callee_blob}
  0x0000782938f24bc4: ffff ffe8 | 144e 5c07 

  0x0000782938f24bcc: ;   {external_word}
  0x0000782938f24bcc: 48bf 3c77 | 9651 2978 | 0000 4883 

  0x0000782938f24bd8: ;   {runtime_call MacroAssembler::debug64(char*, long, long*)}
  0x0000782938f24bd8: e4f0 e8e1 | 5941 18f4 
[Deopt Handler Code]
  0x0000782938f24be0: ;   {section_word}
  0x0000782938f24be0: 49ba e04b | f238 2978 | 0000 4152 

  0x0000782938f24bec: ;   {runtime_call DeoptimizationBlob}
  0x0000782938f24bec: e96f af4f 

  0x0000782938f24bf0: ;   {section_word}
  0x0000782938f24bf0: 0749 baf1 | 4bf2 3829 | 7800 0041 

  0x0000782938f24bfc: ;   {runtime_call DeoptimizationBlob}
  0x0000782938f24bfc: 52e9 5eaf | 4f07 f4f4 | f4f4 f4f4 
[/MachCode]


---------------  P R O C E S S  ---------------

Threads class SMR info:
_java_thread_list=0x000078282c008f30, length=43, elements={
0x000078294c02e610, 0x000078294c13bb10, 0x000078294c13d2c0, 0x000078294c13ecf0,
0x000078294c140540, 0x000078294c141cf0, 0x000078294c143a20, 0x000078294c145340,
0x000078294c1f84f0, 0x000078294c1fadd0, 0x00007828f41a5580, 0x000078294c861400,
0x00007828cc001730, 0x000078294c862a10, 0x000078294c864170, 0x000078294c864c10,
0x000078294c866600, 0x000078294c834140, 0x000078294c5e4a30, 0x000078294c5e6100,
0x000078294c5f2c80, 0x00007828a00056c0, 0x00007828a4000f30, 0x00007828f86d2c40,
0x000078294c70d950, 0x00007828ac022450, 0x00007828ac106e90, 0x000078294c74a1d0,
0x00007828a804c2f0, 0x000078294c80d050, 0x000078294c977f50, 0x000078294c978f80,
0x000078294cbbcc20, 0x0000782860021720, 0x000078294cdfef30, 0x000078294c8cda20,
0x0000782850000f30, 0x0000782850002530, 0x000078294d0d9940, 0x0000782860022820,
0x000078294d1ca020, 0x000078282c005480, 0x000078282c007bc0
}

Java Threads: ( => current thread )
=>0x000078294c02e610 JavaThread "main"                              [_thread_in_native, id=96834, stack(0x0000782950405000,0x0000782950505000) (1024K)]
  0x000078294c13bb10 JavaThread "Reference Handler"          daemon [_thread_blocked, id=96842, stack(0x00007829342f4000,0x00007829343f4000) (1024K)]
  0x000078294c13d2c0 JavaThread "Finalizer"                  daemon [_thread_blocked, id=96843, stack(0x00007829341f4000,0x00007829342f4000) (1024K)]
  0x000078294c13ecf0 JavaThread "Signal Dispatcher"          daemon [_thread_blocked, id=96844, stack(0x00007829340f4000,0x00007829341f4000) (1024K)]
  0x000078294c140540 JavaThread "Service Thread"             daemon [_thread_blocked, id=96845, stack(0x0000782913900000,0x0000782913a00000) (1024K)]
  0x000078294c141cf0 JavaThread "Monitor Deflation Thread"   daemon [_thread_blocked, id=96846, stack(0x0000782913800000,0x0000782913900000) (1024K)]
  0x000078294c143a20 JavaThread "C2 CompilerThread0"         daemon [_thread_blocked, id=96847, stack(0x0000782913700000,0x0000782913800000) (1024K)]
  0x000078294c145340 JavaThread "C1 CompilerThread0"         daemon [_thread_blocked, id=96848, stack(0x0000782913600000,0x0000782913700000) (1024K)]
  0x000078294c1f84f0 JavaThread "Notification Thread"        daemon [_thread_blocked, id=96849, stack(0x0000782913500000,0x0000782913600000) (1024K)]
  0x000078294c1fadd0 JavaThread "Common-Cleaner"             daemon [_thread_blocked, id=96850, stack(0x0000782913400000,0x0000782913500000) (1024K)]
  0x00007828f41a5580 JavaThread "C2 CompilerThread1"         daemon [_thread_blocked, id=96859, stack(0x00007828e2143000,0x00007828e2243000) (1024K)]
  0x000078294c861400 JavaThread "Equinox resolver thread - Equinox Container: ebe4db07-4afe-4a2e-b5fa-4911dfe4ecb6" daemon [_thread_blocked, id=96860, stack(0x00007828e2043000,0x00007828e2143000) (1024K)]
  0x00007828cc001730 JavaThread "Equinox resolver thread - Equinox Container: ebe4db07-4afe-4a2e-b5fa-4911dfe4ecb6" daemon [_thread_blocked, id=96861, stack(0x00007828e1f43000,0x00007828e2043000) (1024K)]
  0x000078294c862a10 JavaThread "Equinox resolver thread - Equinox Container: ebe4db07-4afe-4a2e-b5fa-4911dfe4ecb6" daemon [_thread_blocked, id=96862, stack(0x00007828e1e43000,0x00007828e1f43000) (1024K)]
  0x000078294c864170 JavaThread "Equinox resolver thread - Equinox Container: ebe4db07-4afe-4a2e-b5fa-4911dfe4ecb6" daemon [_thread_blocked, id=96863, stack(0x00007828e1d43000,0x00007828e1e43000) (1024K)]
  0x000078294c864c10 JavaThread "Equinox resolver thread - Equinox Container: ebe4db07-4afe-4a2e-b5fa-4911dfe4ecb6" daemon [_thread_blocked, id=96864, stack(0x00007828e1c43000,0x00007828e1d43000) (1024K)]
  0x000078294c866600 JavaThread "Equinox resolver thread - Equinox Container: ebe4db07-4afe-4a2e-b5fa-4911dfe4ecb6" daemon [_thread_blocked, id=96865, stack(0x00007828e1b43000,0x00007828e1c43000) (1024K)]
  0x000078294c834140 JavaThread "Active Thread: Equinox Container: ebe4db07-4afe-4a2e-b5fa-4911dfe4ecb6"        [_thread_blocked, id=96866, stack(0x00007828e1a43000,0x00007828e1b43000) (1024K)]
  0x000078294c5e4a30 JavaThread "Framework Event Dispatcher: Equinox Container: ebe4db07-4afe-4a2e-b5fa-4911dfe4ecb6" daemon [_thread_blocked, id=96867, stack(0x00007828e1943000,0x00007828e1a43000) (1024K)]
  0x000078294c5e6100 JavaThread "Start Level: Equinox Container: ebe4db07-4afe-4a2e-b5fa-4911dfe4ecb6" daemon [_thread_blocked, id=96868, stack(0x00007828e1843000,0x00007828e1943000) (1024K)]
  0x000078294c5f2c80 JavaThread "Refresh Thread: Equinox Container: ebe4db07-4afe-4a2e-b5fa-4911dfe4ecb6" daemon [_thread_blocked, id=96869, stack(0x00007828e1743000,0x00007828e1843000) (1024K)]
  0x00007828a00056c0 JavaThread "Equinox resolver thread - Equinox Container: ebe4db07-4afe-4a2e-b5fa-4911dfe4ecb6" daemon [_thread_blocked, id=96870, stack(0x00007828e1643000,0x00007828e1743000) (1024K)]
  0x00007828a4000f30 JavaThread "Equinox resolver thread - Equinox Container: ebe4db07-4afe-4a2e-b5fa-4911dfe4ecb6" daemon [_thread_blocked, id=96871, stack(0x00007828e1543000,0x00007828e1643000) (1024K)]
  0x00007828f86d2c40 JavaThread "C2 CompilerThread2"         daemon [_thread_blocked, id=96879, stack(0x00007828e0d3c000,0x00007828e0e3c000) (1024K)]
  0x000078294c70d950 JavaThread "Bundle File Closer"         daemon [_thread_blocked, id=96880, stack(0x00007828e0c3c000,0x00007828e0d3c000) (1024K)]
  0x00007828ac022450 JavaThread "SCR Component Actor"        daemon [_thread_blocked, id=96882, stack(0x00007828e0a3b000,0x00007828e0b3b000) (1024K)]
  0x00007828ac106e90 JavaThread "EMF Reference Cleaner"      daemon [_thread_blocked, id=96902, stack(0x00007828e093b000,0x00007828e0a3b000) (1024K)]
  0x000078294c74a1d0 JavaThread "Gogo shell"                        [_thread_blocked, id=96903, stack(0x00007828e083b000,0x00007828e093b000) (1024K)]
  0x00007828a804c2f0 JavaThread "Worker-JM"                         [_thread_blocked, id=96906, stack(0x00007828e063b000,0x00007828e073b000) (1024K)]
  0x000078294c80d050 JavaThread "Worker-0"                          [_thread_blocked, id=96907, stack(0x00007828e073b000,0x00007828e083b000) (1024K)]
  0x000078294c977f50 JavaThread "Java2D Disposer"            daemon [_thread_blocked, id=96908, stack(0x00007828e0024000,0x00007828e0124000) (1024K)]
  0x000078294c978f80 JavaThread "AWT-XAWT"                   daemon [_thread_in_native, id=96909, stack(0x000078285ff00000,0x0000782860000000) (1024K)]
  0x000078294cbbcc20 JavaThread "Database navigator events processor"        [_thread_blocked, id=96910, stack(0x000078285fe00000,0x000078285ff00000) (1024K)]
  0x0000782860021720 JavaThread "Worker-2"                          [_thread_blocked, id=96911, stack(0x000078285fd00000,0x000078285fe00000) (1024K)]
  0x000078294cdfef30 JavaThread "idle-timeout-task"          daemon [_thread_blocked, id=96913, stack(0x000078285cb00000,0x000078285cc00000) (1024K)]
  0x000078294c8cda20 JavaThread "HTTP-Dispatcher"                   [_thread_in_native, id=96914, stack(0x000078285ca00000,0x000078285cb00000) (1024K)]
  0x0000782850000f30 JavaThread "Worker-3"                          [_thread_blocked, id=96915, stack(0x000078285c900000,0x000078285ca00000) (1024K)]
  0x0000782850002530 JavaThread "Worker-4"                          [_thread_blocked, id=96916, stack(0x000078285c800000,0x000078285c900000) (1024K)]
  0x000078294d0d9940 JavaThread "SWTResourceTracker"         daemon [_thread_blocked, id=96917, stack(0x000078285c700000,0x000078285c800000) (1024K)]
  0x0000782860022820 JavaThread "Worker-5"                          [_thread_blocked, id=96918, stack(0x000078285c550000,0x000078285c650000) (1024K)]
  0x000078294d1ca020 JavaThread "EventAdmin Async Event Dispatcher Thread" daemon [_thread_blocked, id=96920, stack(0x000078285c450000,0x000078285c550000) (1024K)]
  0x000078282c005480 JavaThread "pool-2-thread-1"                   [_thread_blocked, id=96921, stack(0x000078285c350000,0x000078285c450000) (1024K)]
  0x000078282c007bc0 JavaThread "pool-3-thread-1"                   [_thread_blocked, id=96922, stack(0x000078285c250000,0x000078285c350000) (1024K)]
Total: 43

Other Threads:
  0x000078294c0d9b80 VMThread "VM Thread"                           [id=96841, stack(0x00007829343f5000,0x00007829344f5000) (1024K)]
  0x000078294c0ca610 WatcherThread "VM Periodic Task Thread"        [id=96840, stack(0x00007829344f6000,0x00007829345f6000) (1024K)]
  0x000078294c071220 WorkerThread "GC Thread#0"                     [id=96835, stack(0x0000782937300000,0x0000782937400000) (1024K)]
  0x000078291c007db0 WorkerThread "GC Thread#1"                     [id=96872, stack(0x00007828e1443000,0x00007828e1543000) (1024K)]
  0x000078291c008970 WorkerThread "GC Thread#2"                     [id=96873, stack(0x00007828e1342000,0x00007828e1442000) (1024K)]
  0x000078291c0096f0 WorkerThread "GC Thread#3"                     [id=96874, stack(0x00007828e1241000,0x00007828e1341000) (1024K)]
  0x000078291c00f9f0 WorkerThread "GC Thread#4"                     [id=96875, stack(0x00007828e1140000,0x00007828e1240000) (1024K)]
  0x000078291c0105e0 WorkerThread "GC Thread#5"                     [id=96876, stack(0x00007828e103f000,0x00007828e113f000) (1024K)]
  0x000078291c0113a0 WorkerThread "GC Thread#6"                     [id=96877, stack(0x00007828e0f3e000,0x00007828e103e000) (1024K)]
  0x000078291c012560 WorkerThread "GC Thread#7"                     [id=96878, stack(0x00007828e0e3d000,0x00007828e0f3d000) (1024K)]
  0x000078294c07eac0 ConcurrentGCThread "G1 Main Marker"            [id=96836, stack(0x00007829371ff000,0x00007829372ff000) (1024K)]
  0x000078294c07fc90 WorkerThread "G1 Conc#0"                       [id=96837, stack(0x00007829370fe000,0x00007829371fe000) (1024K)]
  0x0000782928000cd0 WorkerThread "G1 Conc#1"                       [id=96881, stack(0x00007828e0b3c000,0x00007828e0c3c000) (1024K)]
  0x000078294c0bd3a0 ConcurrentGCThread "G1 Refine#0"               [id=96838, stack(0x00007829346f8000,0x00007829347f8000) (1024K)]
  0x000078294c0be590 ConcurrentGCThread "G1 Service"                [id=96839, stack(0x00007829345f7000,0x00007829346f7000) (1024K)]
Total: 15

Threads with active compile tasks:
Total: 0

VM state: not at safepoint (normal execution)

VM Mutex/Monitor currently owned by a thread: None

Heap address: 0x00000000c0000000, size: 1024 MB, Compressed Oops mode: 32-bit

CDS archive(s) not mapped
Compressed class space mapped at: 0x0000000013000000-0x0000000053000000, reserved size: 1073741824
UseCompressedClassPointers 1, UseCompactObjectHeaders 0
Narrow klass pointer bits 32, Max shift 3
Narrow klass base: 0x0000000000000000, Narrow klass shift: 0
Encoding Range: [0x0000000000000000 - 0x0000000100000000), (4294967296 bytes)
Klass Range:    [0x0000000013000000 - 0x0000000053000000), (1073741824 bytes)
Klass ID Range:  [318767104 - 1392508921) (1073741817)
No protection zone.

GC Precious Log:
 CardTable entry size: 512
 Card Set container configuration: InlinePtr #cards 5 size 8 Array Of Cards #cards 10 size 36 Howl #buckets 4 coarsen threshold 1843 Howl Bitmap #cards 512 size 80 coarsen threshold 460 Card regions per heap region 1 cards per card region 2048
 CPUs: 8 total, 8 available
 Memory: 15750M
 Large Page Support: Disabled
 NUMA Support: Disabled
 Compressed Oops: Enabled (32-bit)
 Heap Region Size: 1M
 Heap Min Capacity: 64M
 Heap Initial Capacity: 64M
 Heap Max Capacity: 1G
 Pre-touch: Disabled
 Parallel Workers: 8
 Concurrent Workers: 2
 Concurrent Refinement Workers: 8
 Periodic GC: Disabled

Heap:
 garbage-first heap   total reserved 1048576K, committed 133120K, used 77583K [0x00000000c0000000, 0x0000000100000000)
  region size 1024K, 46 young (47104K), 10 survivors (10240K)

Heap Regions: E=young(eden), S=young(survivor), O=old, HS=humongous(starts), HC=humongous(continues), CS=collection set, F=free, TAMS=top-at-mark-start, PB=parsable bottom
|   0|0x00000000c0000000, 0x00000000c0100000, 0x00000000c0100000|100%| O|  |TAMS 0x00000000c0000000| PB 0x00000000c0000000| Untracked |  0
|   1|0x00000000c0100000, 0x00000000c0200000, 0x00000000c0200000|100%| O|  |TAMS 0x00000000c0100000| PB 0x00000000c0100000| Untracked |  0
|   2|0x00000000c0200000, 0x00000000c0300000, 0x00000000c0300000|100%| O|  |TAMS 0x00000000c0200000| PB 0x00000000c0200000| Untracked |  0
|   3|0x00000000c0300000, 0x00000000c0400000, 0x00000000c0400000|100%| O|  |TAMS 0x00000000c0300000| PB 0x00000000c0300000| Untracked |  0
|   4|0x00000000c0400000, 0x00000000c0500000, 0x00000000c0500000|100%| O|  |TAMS 0x00000000c0400000| PB 0x00000000c0400000| Untracked |  0
|   5|0x00000000c0500000, 0x00000000c0600000, 0x00000000c0600000|100%| O|  |TAMS 0x00000000c0500000| PB 0x00000000c0500000| Untracked |  0
|   6|0x00000000c0600000, 0x00000000c0700000, 0x00000000c0700000|100%| O|  |TAMS 0x00000000c0600000| PB 0x00000000c0600000| Untracked |  0
|   7|0x00000000c0700000, 0x00000000c0800000, 0x00000000c0800000|100%| O|  |TAMS 0x00000000c0700000| PB 0x00000000c0700000| Untracked |  0
|   8|0x00000000c0800000, 0x00000000c0900000, 0x00000000c0900000|100%| O|  |TAMS 0x00000000c0800000| PB 0x00000000c0800000| Untracked |  0
|   9|0x00000000c0900000, 0x00000000c0a00000, 0x00000000c0a00000|100%| O|  |TAMS 0x00000000c0900000| PB 0x00000000c0900000| Untracked |  0
|  10|0x00000000c0a00000, 0x00000000c0b00000, 0x00000000c0b00000|100%| O|  |TAMS 0x00000000c0a00000| PB 0x00000000c0a00000| Untracked |  0
|  11|0x00000000c0b00000, 0x00000000c0c00000, 0x00000000c0c00000|100%|HS|  |TAMS 0x00000000c0b00000| PB 0x00000000c0b00000| Complete |  0
|  12|0x00000000c0c00000, 0x00000000c0d00000, 0x00000000c0d00000|100%| O|  |TAMS 0x00000000c0c00000| PB 0x00000000c0c00000| Untracked |  0
|  13|0x00000000c0d00000, 0x00000000c0e00000, 0x00000000c0e00000|100%| O|  |TAMS 0x00000000c0d00000| PB 0x00000000c0d00000| Untracked |  0
|  14|0x00000000c0e00000, 0x00000000c0f00000, 0x00000000c0f00000|100%| O|  |TAMS 0x00000000c0e00000| PB 0x00000000c0e00000| Untracked |  0
|  15|0x00000000c0f00000, 0x00000000c1000000, 0x00000000c1000000|100%| O|  |TAMS 0x00000000c0f00000| PB 0x00000000c0f00000| Untracked |  0
|  16|0x00000000c1000000, 0x00000000c10e5a28, 0x00000000c1100000| 89%| O|  |TAMS 0x00000000c1000000| PB 0x00000000c1000000| Untracked |  0
|  17|0x00000000c1100000, 0x00000000c1200000, 0x00000000c1200000|100%|HS|  |TAMS 0x00000000c1100000| PB 0x00000000c1100000| Complete |  0
|  18|0x00000000c1200000, 0x00000000c1300000, 0x00000000c1300000|100%|HS|  |TAMS 0x00000000c1200000| PB 0x00000000c1200000| Complete |  0
|  19|0x00000000c1300000, 0x00000000c1400000, 0x00000000c1400000|100%|HS|  |TAMS 0x00000000c1300000| PB 0x00000000c1300000| Complete |  0
|  20|0x00000000c1400000, 0x00000000c1400000, 0x00000000c1500000|  0%| F|  |TAMS 0x00000000c1400000| PB 0x00000000c1400000| Untracked |  0
|  21|0x00000000c1500000, 0x00000000c1500000, 0x00000000c1600000|  0%| F|  |TAMS 0x00000000c1500000| PB 0x00000000c1500000| Untracked |  0
|  22|0x00000000c1600000, 0x00000000c1600000, 0x00000000c1700000|  0%| F|  |TAMS 0x00000000c1600000| PB 0x00000000c1600000| Untracked |  0
|  23|0x00000000c1700000, 0x00000000c1700000, 0x00000000c1800000|  0%| F|  |TAMS 0x00000000c1700000| PB 0x00000000c1700000| Untracked |  0
|  24|0x00000000c1800000, 0x00000000c1800000, 0x00000000c1900000|  0%| F|  |TAMS 0x00000000c1800000| PB 0x00000000c1800000| Untracked |  0
|  25|0x00000000c1900000, 0x00000000c1900000, 0x00000000c1a00000|  0%| F|  |TAMS 0x00000000c1900000| PB 0x00000000c1900000| Untracked |  0
|  26|0x00000000c1a00000, 0x00000000c1a00000, 0x00000000c1b00000|  0%| F|  |TAMS 0x00000000c1a00000| PB 0x00000000c1a00000| Untracked |  0
|  27|0x00000000c1b00000, 0x00000000c1b00000, 0x00000000c1c00000|  0%| F|  |TAMS 0x00000000c1b00000| PB 0x00000000c1b00000| Untracked |  0
|  28|0x00000000c1c00000, 0x00000000c1c00000, 0x00000000c1d00000|  0%| F|  |TAMS 0x00000000c1c00000| PB 0x00000000c1c00000| Untracked |  0
|  29|0x00000000c1d00000, 0x00000000c1d00000, 0x00000000c1e00000|  0%| F|  |TAMS 0x00000000c1d00000| PB 0x00000000c1d00000| Untracked |  0
|  30|0x00000000c1e00000, 0x00000000c1e00000, 0x00000000c1f00000|  0%| F|  |TAMS 0x00000000c1e00000| PB 0x00000000c1e00000| Untracked |  0
|  31|0x00000000c1f00000, 0x00000000c1f00000, 0x00000000c2000000|  0%| F|  |TAMS 0x00000000c1f00000| PB 0x00000000c1f00000| Untracked |  0
|  32|0x00000000c2000000, 0x00000000c2000000, 0x00000000c2100000|  0%| F|  |TAMS 0x00000000c2000000| PB 0x00000000c2000000| Untracked |  0
|  33|0x00000000c2100000, 0x00000000c2100000, 0x00000000c2200000|  0%| F|  |TAMS 0x00000000c2100000| PB 0x00000000c2100000| Untracked |  0
|  34|0x00000000c2200000, 0x00000000c2200000, 0x00000000c2300000|  0%| F|  |TAMS 0x00000000c2200000| PB 0x00000000c2200000| Untracked |  0
|  35|0x00000000c2300000, 0x00000000c2300000, 0x00000000c2400000|  0%| F|  |TAMS 0x00000000c2300000| PB 0x00000000c2300000| Untracked |  0
|  36|0x00000000c2400000, 0x00000000c2400000, 0x00000000c2500000|  0%| F|  |TAMS 0x00000000c2400000| PB 0x00000000c2400000| Untracked |  0
|  37|0x00000000c2500000, 0x00000000c2500000, 0x00000000c2600000|  0%| F|  |TAMS 0x00000000c2500000| PB 0x00000000c2500000| Untracked |  0
|  38|0x00000000c2600000, 0x00000000c2600000, 0x00000000c2700000|  0%| F|  |TAMS 0x00000000c2600000| PB 0x00000000c2600000| Untracked |  0
|  39|0x00000000c2700000, 0x00000000c2700000, 0x00000000c2800000|  0%| F|  |TAMS 0x00000000c2700000| PB 0x00000000c2700000| Untracked |  0
|  40|0x00000000c2800000, 0x00000000c2800000, 0x00000000c2900000|  0%| F|  |TAMS 0x00000000c2800000| PB 0x00000000c2800000| Untracked |  0
|  41|0x00000000c2900000, 0x00000000c2a00000, 0x00000000c2a00000|100%| O|  |TAMS 0x00000000c2900000| PB 0x00000000c2900000| Untracked |  0
|  42|0x00000000c2a00000, 0x00000000c2a00000, 0x00000000c2b00000|  0%| F|  |TAMS 0x00000000c2a00000| PB 0x00000000c2a00000| Untracked |  0
|  43|0x00000000c2b00000, 0x00000000c2b00000, 0x00000000c2c00000|  0%| F|  |TAMS 0x00000000c2b00000| PB 0x00000000c2b00000| Untracked |  0
|  44|0x00000000c2c00000, 0x00000000c2c00000, 0x00000000c2d00000|  0%| F|  |TAMS 0x00000000c2c00000| PB 0x00000000c2c00000| Untracked |  0
|  45|0x00000000c2d00000, 0x00000000c2d00000, 0x00000000c2e00000|  0%| F|  |TAMS 0x00000000c2d00000| PB 0x00000000c2d00000| Untracked |  0
|  46|0x00000000c2e00000, 0x00000000c2e00000, 0x00000000c2f00000|  0%| F|  |TAMS 0x00000000c2e00000| PB 0x00000000c2e00000| Untracked |  0
|  47|0x00000000c2f00000, 0x00000000c2f00000, 0x00000000c3000000|  0%| F|  |TAMS 0x00000000c2f00000| PB 0x00000000c2f00000| Untracked |  0
|  48|0x00000000c3000000, 0x00000000c3000000, 0x00000000c3100000|  0%| F|  |TAMS 0x00000000c3000000| PB 0x00000000c3000000| Untracked |  0
|  49|0x00000000c3100000, 0x00000000c3200000, 0x00000000c3200000|100%| O|Cm|TAMS 0x00000000c3100000| PB 0x00000000c3100000| Complete |  0
|  50|0x00000000c3200000, 0x00000000c3200000, 0x00000000c3300000|  0%| F|  |TAMS 0x00000000c3200000| PB 0x00000000c3200000| Untracked |  0
|  51|0x00000000c3300000, 0x00000000c3300000, 0x00000000c3400000|  0%| F|  |TAMS 0x00000000c3300000| PB 0x00000000c3300000| Untracked |  0
|  52|0x00000000c3400000, 0x00000000c3400000, 0x00000000c3500000|  0%| F|  |TAMS 0x00000000c3400000| PB 0x00000000c3400000| Untracked |  0
|  53|0x00000000c3500000, 0x00000000c3500000, 0x00000000c3600000|  0%| F|  |TAMS 0x00000000c3500000| PB 0x00000000c3500000| Untracked |  0
|  54|0x00000000c3600000, 0x00000000c3700000, 0x00000000c3700000|100%| O|  |TAMS 0x00000000c3600000| PB 0x00000000c3600000| Untracked |  0
|  55|0x00000000c3700000, 0x00000000c3700000, 0x00000000c3800000|  0%| F|  |TAMS 0x00000000c3700000| PB 0x00000000c3700000| Untracked |  0
|  56|0x00000000c3800000, 0x00000000c3900000, 0x00000000c3900000|100%| O|  |TAMS 0x00000000c3800000| PB 0x00000000c3800000| Untracked |  0
|  57|0x00000000c3900000, 0x00000000c3900000, 0x00000000c3a00000|  0%| F|  |TAMS 0x00000000c3900000| PB 0x00000000c3900000| Untracked |  0
|  58|0x00000000c3a00000, 0x00000000c3b00000, 0x00000000c3b00000|100%| O|  |TAMS 0x00000000c3a00000| PB 0x00000000c3a00000| Untracked |  0
|  59|0x00000000c3b00000, 0x00000000c3c00000, 0x00000000c3c00000|100%| O|Cm|TAMS 0x00000000c3b00000| PB 0x00000000c3b00000| Complete |  0
|  60|0x00000000c3c00000, 0x00000000c3d00000, 0x00000000c3d00000|100%| O|  |TAMS 0x00000000c3c00000| PB 0x00000000c3c00000| Untracked |  0
|  61|0x00000000c3d00000, 0x00000000c3e00000, 0x00000000c3e00000|100%| O|  |TAMS 0x00000000c3d00000| PB 0x00000000c3d00000| Untracked |  0
|  62|0x00000000c3e00000, 0x00000000c3f00000, 0x00000000c3f00000|100%| O|  |TAMS 0x00000000c3e00000| PB 0x00000000c3e00000| Untracked |  0
|  63|0x00000000c3f00000, 0x00000000c4000000, 0x00000000c4000000|100%| O|  |TAMS 0x00000000c3f00000| PB 0x00000000c3f00000| Untracked |  0
|  64|0x00000000c4000000, 0x00000000c4100000, 0x00000000c4100000|100%| O|  |TAMS 0x00000000c4000000| PB 0x00000000c4000000| Untracked |  0
|  65|0x00000000c4100000, 0x00000000c4100000, 0x00000000c4200000|  0%| F|  |TAMS 0x00000000c4100000| PB 0x00000000c4100000| Untracked |  0
|  66|0x00000000c4200000, 0x00000000c4200000, 0x00000000c4300000|  0%| F|  |TAMS 0x00000000c4200000| PB 0x00000000c4200000| Untracked |  0
|  67|0x00000000c4300000, 0x00000000c4300000, 0x00000000c4400000|  0%| F|  |TAMS 0x00000000c4300000| PB 0x00000000c4300000| Untracked |  0
|  68|0x00000000c4400000, 0x00000000c4400000, 0x00000000c4500000|  0%| F|  |TAMS 0x00000000c4400000| PB 0x00000000c4400000| Untracked |  0
|  69|0x00000000c4500000, 0x00000000c4500000, 0x00000000c4600000|  0%| F|  |TAMS 0x00000000c4500000| PB 0x00000000c4500000| Untracked |  0
|  70|0x00000000c4600000, 0x00000000c4600000, 0x00000000c4700000|  0%| F|  |TAMS 0x00000000c4600000| PB 0x00000000c4600000| Untracked |  0
|  71|0x00000000c4700000, 0x00000000c4700000, 0x00000000c4800000|  0%| F|  |TAMS 0x00000000c4700000| PB 0x00000000c4700000| Untracked |  0
|  72|0x00000000c4800000, 0x00000000c4800000, 0x00000000c4900000|  0%| F|  |TAMS 0x00000000c4800000| PB 0x00000000c4800000| Untracked |  0
|  73|0x00000000c4900000, 0x00000000c4900000, 0x00000000c4a00000|  0%| F|  |TAMS 0x00000000c4900000| PB 0x00000000c4900000| Untracked |  0
|  74|0x00000000c4a00000, 0x00000000c4a00000, 0x00000000c4b00000|  0%| F|  |TAMS 0x00000000c4a00000| PB 0x00000000c4a00000| Untracked |  0
|  75|0x00000000c4b00000, 0x00000000c4b00000, 0x00000000c4c00000|  0%| F|  |TAMS 0x00000000c4b00000| PB 0x00000000c4b00000| Untracked |  0
|  76|0x00000000c4c00000, 0x00000000c4c00000, 0x00000000c4d00000|  0%| F|  |TAMS 0x00000000c4c00000| PB 0x00000000c4c00000| Untracked |  0
|  77|0x00000000c4d00000, 0x00000000c4d00000, 0x00000000c4e00000|  0%| F|  |TAMS 0x00000000c4d00000| PB 0x00000000c4d00000| Untracked |  0
|  78|0x00000000c4e00000, 0x00000000c4e00000, 0x00000000c4f00000|  0%| F|  |TAMS 0x00000000c4e00000| PB 0x00000000c4e00000| Untracked |  0
|  79|0x00000000c4f00000, 0x00000000c4f00000, 0x00000000c5000000|  0%| F|  |TAMS 0x00000000c4f00000| PB 0x00000000c4f00000| Untracked |  0
|  80|0x00000000c5000000, 0x00000000c5000000, 0x00000000c5100000|  0%| F|  |TAMS 0x00000000c5000000| PB 0x00000000c5000000| Untracked |  0
|  81|0x00000000c5100000, 0x00000000c5100000, 0x00000000c5200000|  0%| F|  |TAMS 0x00000000c5100000| PB 0x00000000c5100000| Untracked |  0
|  82|0x00000000c5200000, 0x00000000c5200000, 0x00000000c5300000|  0%| F|  |TAMS 0x00000000c5200000| PB 0x00000000c5200000| Untracked |  0
|  83|0x00000000c5300000, 0x00000000c5300000, 0x00000000c5400000|  0%| F|  |TAMS 0x00000000c5300000| PB 0x00000000c5300000| Untracked |  0
|  84|0x00000000c5400000, 0x00000000c5480000, 0x00000000c5500000| 50%| E|  |TAMS 0x00000000c5400000| PB 0x00000000c5400000| Complete |  0
|  85|0x00000000c5500000, 0x00000000c5600000, 0x00000000c5600000|100%| E|CS|TAMS 0x00000000c5500000| PB 0x00000000c5500000| Complete |  0
|  86|0x00000000c5600000, 0x00000000c5700000, 0x00000000c5700000|100%| E|CS|TAMS 0x00000000c5600000| PB 0x00000000c5600000| Complete |  0
|  87|0x00000000c5700000, 0x00000000c5800000, 0x00000000c5800000|100%| E|CS|TAMS 0x00000000c5700000| PB 0x00000000c5700000| Complete |  0
|  88|0x00000000c5800000, 0x00000000c5900000, 0x00000000c5900000|100%| E|CS|TAMS 0x00000000c5800000| PB 0x00000000c5800000| Complete |  0
|  89|0x00000000c5900000, 0x00000000c5a00000, 0x00000000c5a00000|100%| E|CS|TAMS 0x00000000c5900000| PB 0x00000000c5900000| Complete |  0
|  90|0x00000000c5a00000, 0x00000000c5b00000, 0x00000000c5b00000|100%| E|CS|TAMS 0x00000000c5a00000| PB 0x00000000c5a00000| Complete |  0
|  91|0x00000000c5b00000, 0x00000000c5c00000, 0x00000000c5c00000|100%| E|CS|TAMS 0x00000000c5b00000| PB 0x00000000c5b00000| Complete |  0
|  92|0x00000000c5c00000, 0x00000000c5d00000, 0x00000000c5d00000|100%| E|CS|TAMS 0x00000000c5c00000| PB 0x00000000c5c00000| Complete |  0
|  93|0x00000000c5d00000, 0x00000000c5e00000, 0x00000000c5e00000|100%| E|CS|TAMS 0x00000000c5d00000| PB 0x00000000c5d00000| Complete |  0
|  94|0x00000000c5e00000, 0x00000000c5f00000, 0x00000000c5f00000|100%| E|CS|TAMS 0x00000000c5e00000| PB 0x00000000c5e00000| Complete |  0
|  95|0x00000000c5f00000, 0x00000000c6000000, 0x00000000c6000000|100%| E|CS|TAMS 0x00000000c5f00000| PB 0x00000000c5f00000| Complete |  0
|  96|0x00000000c6000000, 0x00000000c6100000, 0x00000000c6100000|100%| E|CS|TAMS 0x00000000c6000000| PB 0x00000000c6000000| Complete |  0
|  97|0x00000000c6100000, 0x00000000c6200000, 0x00000000c6200000|100%| E|CS|TAMS 0x00000000c6100000| PB 0x00000000c6100000| Complete |  0
|  98|0x00000000c6200000, 0x00000000c6300000, 0x00000000c6300000|100%| E|CS|TAMS 0x00000000c6200000| PB 0x00000000c6200000| Complete |  0
|  99|0x00000000c6300000, 0x00000000c6400000, 0x00000000c6400000|100%| E|CS|TAMS 0x00000000c6300000| PB 0x00000000c6300000| Complete |  0
| 100|0x00000000c6400000, 0x00000000c6500000, 0x00000000c6500000|100%| E|CS|TAMS 0x00000000c6400000| PB 0x00000000c6400000| Complete |  0
| 101|0x00000000c6500000, 0x00000000c6600000, 0x00000000c6600000|100%| E|CS|TAMS 0x00000000c6500000| PB 0x00000000c6500000| Complete |  0
| 102|0x00000000c6600000, 0x00000000c6700000, 0x00000000c6700000|100%| E|CS|TAMS 0x00000000c6600000| PB 0x00000000c6600000| Complete |  0
| 103|0x00000000c6700000, 0x00000000c6800000, 0x00000000c6800000|100%| E|CS|TAMS 0x00000000c6700000| PB 0x00000000c6700000| Complete |  0
| 104|0x00000000c6800000, 0x00000000c6900000, 0x00000000c6900000|100%| E|CS|TAMS 0x00000000c6800000| PB 0x00000000c6800000| Complete |  0
| 105|0x00000000c6900000, 0x00000000c6a00000, 0x00000000c6a00000|100%| E|CS|TAMS 0x00000000c6900000| PB 0x00000000c6900000| Complete |  0
| 106|0x00000000c6a00000, 0x00000000c6b00000, 0x00000000c6b00000|100%| E|CS|TAMS 0x00000000c6a00000| PB 0x00000000c6a00000| Complete |  0
| 107|0x00000000c6b00000, 0x00000000c6c00000, 0x00000000c6c00000|100%| E|CS|TAMS 0x00000000c6b00000| PB 0x00000000c6b00000| Complete |  0
| 108|0x00000000c6c00000, 0x00000000c6d00000, 0x00000000c6d00000|100%| E|CS|TAMS 0x00000000c6c00000| PB 0x00000000c6c00000| Complete |  0
| 109|0x00000000c6d00000, 0x00000000c6e00000, 0x00000000c6e00000|100%| E|CS|TAMS 0x00000000c6d00000| PB 0x00000000c6d00000| Complete |  0
| 110|0x00000000c6e00000, 0x00000000c6f00000, 0x00000000c6f00000|100%| E|CS|TAMS 0x00000000c6e00000| PB 0x00000000c6e00000| Complete |  0
| 111|0x00000000c6f00000, 0x00000000c7000000, 0x00000000c7000000|100%| E|CS|TAMS 0x00000000c6f00000| PB 0x00000000c6f00000| Complete |  0
| 112|0x00000000c7000000, 0x00000000c7100000, 0x00000000c7100000|100%| E|CS|TAMS 0x00000000c7000000| PB 0x00000000c7000000| Complete |  0
| 113|0x00000000c7100000, 0x00000000c7200000, 0x00000000c7200000|100%| E|CS|TAMS 0x00000000c7100000| PB 0x00000000c7100000| Complete |  0
| 114|0x00000000c7200000, 0x00000000c7300000, 0x00000000c7300000|100%| E|CS|TAMS 0x00000000c7200000| PB 0x00000000c7200000| Complete |  0
| 115|0x00000000c7300000, 0x00000000c7400000, 0x00000000c7400000|100%| E|CS|TAMS 0x00000000c7300000| PB 0x00000000c7300000| Complete |  0
| 116|0x00000000c7400000, 0x00000000c7500000, 0x00000000c7500000|100%| E|CS|TAMS 0x00000000c7400000| PB 0x00000000c7400000| Complete |  0
| 133|0x00000000c8500000, 0x00000000c85de1e0, 0x00000000c8600000| 86%| S|CS|TAMS 0x00000000c8500000| PB 0x00000000c8500000| Complete |  0
| 134|0x00000000c8600000, 0x00000000c8700000, 0x00000000c8700000|100%| S|CS|TAMS 0x00000000c8600000| PB 0x00000000c8600000| Complete |  0
| 135|0x00000000c8700000, 0x00000000c8800000, 0x00000000c8800000|100%| S|CS|TAMS 0x00000000c8700000| PB 0x00000000c8700000| Complete |  0
| 136|0x00000000c8800000, 0x00000000c8900000, 0x00000000c8900000|100%| S|CS|TAMS 0x00000000c8800000| PB 0x00000000c8800000| Complete |  0
| 137|0x00000000c8900000, 0x00000000c8a00000, 0x00000000c8a00000|100%| S|CS|TAMS 0x00000000c8900000| PB 0x00000000c8900000| Complete |  0
| 138|0x00000000c8a00000, 0x00000000c8b00000, 0x00000000c8b00000|100%| S|CS|TAMS 0x00000000c8a00000| PB 0x00000000c8a00000| Complete |  0
| 139|0x00000000c8b00000, 0x00000000c8c00000, 0x00000000c8c00000|100%| S|CS|TAMS 0x00000000c8b00000| PB 0x00000000c8b00000| Complete |  0
| 140|0x00000000c8c00000, 0x00000000c8d00000, 0x00000000c8d00000|100%| S|CS|TAMS 0x00000000c8c00000| PB 0x00000000c8c00000| Complete |  0
| 141|0x00000000c8d00000, 0x00000000c8e00000, 0x00000000c8e00000|100%| S|CS|TAMS 0x00000000c8d00000| PB 0x00000000c8d00000| Complete |  0
| 142|0x00000000c8e00000, 0x00000000c8f00000, 0x00000000c8f00000|100%| S|CS|TAMS 0x00000000c8e00000| PB 0x00000000c8e00000| Complete |  0
| 207|0x00000000ccf00000, 0x00000000cd000000, 0x00000000cd000000|100%| E|CS|TAMS 0x00000000ccf00000| PB 0x00000000ccf00000| Complete |  0
| 208|0x00000000cd000000, 0x00000000cd100000, 0x00000000cd100000|100%| E|CS|TAMS 0x00000000cd000000| PB 0x00000000cd000000| Complete |  0
| 209|0x00000000cd100000, 0x00000000cd200000, 0x00000000cd200000|100%| E|CS|TAMS 0x00000000cd100000| PB 0x00000000cd100000| Complete |  0

Card table byte_map: [0x0000782938400000,0x0000782938600000] _byte_map_base: 0x0000782937e00000

Marking Bits: (CMBitMap*) 0x000078294c071f70
 Bits: [0x0000782937400000, 0x0000782938400000)

Polling page: 0x00007829520ba000

Metaspace:
Metaspace        used 54815K, committed 56128K, reserved 1114112K
 class space     used 6438K, committed 6976K, reserved 1048576K

Usage:
  Non-class:     47.24 MB used.
      Class:      6.29 MB used.
       Both:     53.53 MB used.

Virtual space:
  Non-class space:       64.00 MB reserved,      48.00 MB ( 75%) committed,  1 nodes.
      Class space:        1.00 GB reserved,       6.81 MB ( <1%) committed,  1 nodes.
             Both:        1.06 GB reserved,      54.81 MB (  5%) committed. 

Chunk freelists:
   Non-Class:  15.70 MB
       Class:  9.14 MB
        Both:  24.84 MB

MaxMetaspaceSize: unlimited
CompressedClassSpaceSize: 1.00 GB
Initial GC threshold: 21.00 MB
Current GC threshold: 81.50 MB
CDS: off
 - commit_granule_bytes: 65536.
 - commit_granule_words: 8192.
 - virtual_space_node_default_size: 8388608.
 - enlarge_chunks_in_place: 1.
UseCompressedClassPointers 1, UseCompactObjectHeaders 0
Narrow klass pointer bits 32, Max shift 3
Narrow klass base: 0x0000000000000000, Narrow klass shift: 0
Encoding Range: [0x0000000000000000 - 0x0000000100000000), (4294967296 bytes)
Klass Range:    [0x0000000013000000 - 0x0000000053000000), (1073741824 bytes)
Klass ID Range:  [318767104 - 1392508921) (1073741817)
No protection zone.


Internal statistics:

num_allocs_failed_limit: 6.
num_arena_births: 628.
num_arena_deaths: 0.
num_vsnodes_births: 2.
num_vsnodes_deaths: 0.
num_space_committed: 877.
num_space_uncommitted: 0.
num_chunks_returned_to_freelist: 6.
num_chunks_taken_from_freelist: 2684.
num_chunk_merges: 3.
num_chunk_splits: 1685.
num_chunks_enlarged: 1020.
num_inconsistent_stats: 0.

CodeHeap 'non-profiled nmethods': size=120032Kb used=2970Kb max_used=2970Kb free=117061Kb
 bounds [0x0000782940961000, 0x0000782940c51000, 0x0000782947e99000]
CodeHeap 'profiled nmethods': size=120032Kb used=9411Kb max_used=9411Kb free=110620Kb
 bounds [0x0000782938e97000, 0x00007829397d7000, 0x00007829403cf000]
CodeHeap 'non-nmethods': size=5704Kb used=1885Kb max_used=2025Kb free=3819Kb
 bounds [0x00007829403cf000, 0x000078294063f000, 0x0000782940961000]
CodeCache: size=245768Kb, used=14266Kb, max_used=14406Kb, free=231500Kb
 total_blobs=7230, nmethods=6336, adapters=798, full_count=0
Compilation: enabled, stopped_count=0, restarted_count=0

Compilation events (20 events):
Event: 2.931 Thread 0x00007828f41a5580 7126       4       java.lang.invoke.MethodHandle::asTypeCached (52 bytes)
Event: 2.932 Thread 0x00007828f41a5580 nmethod 7126 0x0000782940c40808 code [0x0000782940c40900, 0x0000782940c409c0]
Event: 2.932 Thread 0x000078294c145340 7127       3       org.eclipse.jface.bindings.BindingManager::platformMatches (62 bytes)
Event: 2.933 Thread 0x000078294c145340 nmethod 7127 0x00007829397c4008 code [0x00007829397c4100, 0x00007829397c4570]
Event: 2.934 Thread 0x000078294c145340 7128       3       sun.reflect.annotation.AnnotationInvocationHandler::<init> (71 bytes)
Event: 2.934 Thread 0x000078294c145340 nmethod 7128 0x00007829397c4588 code [0x00007829397c4680, 0x00007829397c5400]
Event: 2.935 Thread 0x000078294c145340 7129       3       java.util.WeakHashMap::transfer (104 bytes)
Event: 2.935 Thread 0x000078294c145340 nmethod 7129 0x00007829397c5488 code [0x00007829397c5580, 0x00007829397c5de0]
Event: 2.935 Thread 0x000078294c145340 7130       3       java.lang.invoke.MethodType::methodType (100 bytes)
Event: 2.935 Thread 0x000078294c145340 nmethod 7130 0x00007829397c5e08 code [0x00007829397c5f00, 0x00007829397c6640]
Event: 2.935 Thread 0x000078294c145340 7131       3       java.lang.invoke.BoundMethodHandle$Species_LLL::make (14 bytes)
Event: 2.935 Thread 0x000078294c145340 nmethod 7131 0x00007829397c6688 code [0x00007829397c6780, 0x00007829397c6aa8]
Event: 2.935 Thread 0x000078294c145340 7132       3       java.lang.invoke.BoundMethodHandle$Species_LLL::<init> (24 bytes)
Event: 2.935 Thread 0x000078294c145340 nmethod 7132 0x00007829397c6b08 code [0x00007829397c6c00, 0x00007829397c6ee8]
Event: 2.937 Thread 0x000078294c145340 7133       3       org.eclipse.emf.ecore.impl.EClassImpl::getEStructuralFeature (23 bytes)
Event: 2.938 Thread 0x000078294c145340 nmethod 7133 0x00007829397c6f08 code [0x00007829397c7000, 0x00007829397c7298]
Event: 2.940 Thread 0x000078294c145340 7134       3       org.eclipse.e4.ui.model.application.impl.ApplicationElementImpl::eIsSet (191 bytes)
Event: 2.940 Thread 0x000078294c145340 nmethod 7134 0x00007829397c7308 code [0x00007829397c7400, 0x00007829397c7b48]
Event: 2.940 Thread 0x000078294c145340 7135       3       org.eclipse.swt.widgets.EventTable::hooks (47 bytes)
Event: 2.940 Thread 0x000078294c145340 nmethod 7135 0x00007829397c7b88 code [0x00007829397c7c80, 0x00007829397c7f00]

GC Heap Usage History (20 events):
Event: 0.678 {heap Before GC invocations=3 (full 0):
 garbage-first heap   total reserved 1048576K, committed 65536K, used 43303K [0x00000000c0000000, 0x0000000100000000)
  region size 1024K, 36 young (36864K), 5 survivors (5120K)
}
Event: 0.685 {heap After GC invocations=4 (full 0):
 garbage-first heap   total reserved 1048576K, committed 65536K, used 26539K [0x00000000c0000000, 0x0000000100000000)
  region size 1024K, 5 young (5120K), 5 survivors (5120K)
}
Event: 0.699 {heap Before GC invocations=4 (full 0):
 garbage-first heap   total reserved 1048576K, committed 65536K, used 43947K [0x00000000c0000000, 0x0000000100000000)
  region size 1024K, 22 young (22528K), 5 survivors (5120K)
}
Event: 0.706 {heap After GC invocations=5 (full 0):
 garbage-first heap   total reserved 1048576K, committed 65536K, used 40960K [0x00000000c0000000, 0x0000000100000000)
  region size 1024K, 3 young (3072K), 3 survivors (3072K)
}
Event: 0.719 {heap Before GC invocations=5 (full 0):
 garbage-first heap   total reserved 1048576K, committed 65536K, used 51200K [0x00000000c0000000, 0x0000000100000000)
  region size 1024K, 13 young (13312K), 3 survivors (3072K)
}
Event: 0.723 {heap After GC invocations=6 (full 0):
 garbage-first heap   total reserved 1048576K, committed 131072K, used 47616K [0x00000000c0000000, 0x0000000100000000)
  region size 1024K, 2 young (2048K), 2 survivors (2048K)
}
Event: 0.795 {heap Before GC invocations=7 (full 0):
 garbage-first heap   total reserved 1048576K, committed 131072K, used 81408K [0x00000000c0000000, 0x0000000100000000)
  region size 1024K, 35 young (35840K), 2 survivors (2048K)
}
Event: 0.800 {heap After GC invocations=8 (full 0):
 garbage-first heap   total reserved 1048576K, committed 131072K, used 55296K [0x00000000c0000000, 0x0000000100000000)
  region size 1024K, 5 young (5120K), 5 survivors (5120K)
}
Event: 0.990 {heap Before GC invocations=8 (full 0):
 garbage-first heap   total reserved 1048576K, committed 131072K, used 89088K [0x00000000c0000000, 0x0000000100000000)
  region size 1024K, 38 young (38912K), 5 survivors (5120K)
}
Event: 0.995 {heap After GC invocations=9 (full 0):
 garbage-first heap   total reserved 1048576K, committed 131072K, used 60934K [0x00000000c0000000, 0x0000000100000000)
  region size 1024K, 5 young (5120K), 5 survivors (5120K)
}
Event: 1.218 {heap Before GC invocations=9 (full 0):
 garbage-first heap   total reserved 1048576K, committed 131072K, used 93702K [0x00000000c0000000, 0x0000000100000000)
  region size 1024K, 38 young (38912K), 5 survivors (5120K)
}
Event: 1.225 {heap After GC invocations=10 (full 0):
 garbage-first heap   total reserved 1048576K, committed 131072K, used 66560K [0x00000000c0000000, 0x0000000100000000)
  region size 1024K, 5 young (5120K), 5 survivors (5120K)
}
Event: 1.497 {heap Before GC invocations=10 (full 0):
 garbage-first heap   total reserved 1048576K, committed 131072K, used 89088K [0x00000000c0000000, 0x0000000100000000)
  region size 1024K, 28 young (28672K), 5 survivors (5120K)
}
Event: 1.500 {heap After GC invocations=11 (full 0):
 garbage-first heap   total reserved 1048576K, committed 131072K, used 71142K [0x00000000c0000000, 0x0000000100000000)
  region size 1024K, 5 young (5120K), 5 survivors (5120K)
}
Event: 1.657 {heap Before GC invocations=12 (full 0):
 garbage-first heap   total reserved 1048576K, committed 131072K, used 72166K [0x00000000c0000000, 0x0000000100000000)
  region size 1024K, 36 young (36864K), 5 survivors (5120K)
}
Event: 1.660 {heap After GC invocations=13 (full 0):
 garbage-first heap   total reserved 1048576K, committed 131072K, used 42776K [0x00000000c0000000, 0x0000000100000000)
  region size 1024K, 3 young (3072K), 3 survivors (3072K)
}
Event: 1.687 {heap Before GC invocations=13 (full 0):
 garbage-first heap   total reserved 1048576K, committed 131072K, used 91928K [0x00000000c0000000, 0x0000000100000000)
  region size 1024K, 51 young (52224K), 3 survivors (3072K)
}
Event: 1.690 {heap After GC invocations=14 (full 0):
 garbage-first heap   total reserved 1048576K, committed 215040K, used 30732K [0x00000000c0000000, 0x0000000100000000)
  region size 1024K, 3 young (3072K), 3 survivors (3072K)
}
Event: 2.530 {heap Before GC invocations=14 (full 0):
 garbage-first heap   total reserved 1048576K, committed 215040K, used 102412K [0x00000000c0000000, 0x0000000100000000)
  region size 1024K, 70 young (71680K), 3 survivors (3072K)
}
Event: 2.538 {heap After GC invocations=15 (full 0):
 garbage-first heap   total reserved 1048576K, committed 215040K, used 39695K [0x00000000c0000000, 0x0000000100000000)
  region size 1024K, 10 young (10240K), 10 survivors (10240K)
}

Metaspace Usage History (20 events):
Event: 0.678 {metaspace Before GC invocations=3 (full 0):
 Metaspace       used 17568K, committed 17792K, reserved 1114112K
  class space    used 1736K, committed 1856K, reserved 1048576K
}
Event: 0.685 {metaspace After GC invocations=4 (full 0):
 Metaspace       used 17568K, committed 17792K, reserved 1114112K
  class space    used 1736K, committed 1856K, reserved 1048576K
}
Event: 0.699 {metaspace Before GC invocations=4 (full 0):
 Metaspace       used 17582K, committed 17792K, reserved 1114112K
  class space    used 1736K, committed 1856K, reserved 1048576K
}
Event: 0.706 {metaspace After GC invocations=5 (full 0):
 Metaspace       used 17582K, committed 17792K, reserved 1114112K
  class space    used 1736K, committed 1856K, reserved 1048576K
}
Event: 0.719 {metaspace Before GC invocations=5 (full 0):
 Metaspace       used 17602K, committed 17792K, reserved 1114112K
  class space    used 1736K, committed 1856K, reserved 1048576K
}
Event: 0.723 {metaspace After GC invocations=6 (full 0):
 Metaspace       used 17602K, committed 17792K, reserved 1114112K
  class space    used 1736K, committed 1856K, reserved 1048576K
}
Event: 0.795 {metaspace Before GC invocations=7 (full 0):
 Metaspace       used 17605K, committed 17792K, reserved 1114112K
  class space    used 1736K, committed 1856K, reserved 1048576K
}
Event: 0.800 {metaspace After GC invocations=8 (full 0):
 Metaspace       used 17605K, committed 17792K, reserved 1114112K
  class space    used 1736K, committed 1856K, reserved 1048576K
}
Event: 0.990 {metaspace Before GC invocations=8 (full 0):
 Metaspace       used 20559K, committed 20800K, reserved 1114112K
  class space    used 2068K, committed 2176K, reserved 1048576K
}
Event: 0.995 {metaspace After GC invocations=9 (full 0):
 Metaspace       used 20559K, committed 20800K, reserved 1114112K
  class space    used 2068K, committed 2176K, reserved 1048576K
}
Event: 1.218 {metaspace Before GC invocations=9 (full 0):
 Metaspace       used 21337K, committed 21696K, reserved 1114112K
  class space    used 2145K, committed 2304K, reserved 1048576K
}
Event: 1.225 {metaspace After GC invocations=10 (full 0):
 Metaspace       used 21337K, committed 21696K, reserved 1114112K
  class space    used 2145K, committed 2304K, reserved 1048576K
}
Event: 1.497 {metaspace Before GC invocations=10 (full 0):
 Metaspace       used 29002K, committed 29696K, reserved 1114112K
  class space    used 3006K, committed 3328K, reserved 1048576K
}
Event: 1.500 {metaspace After GC invocations=11 (full 0):
 Metaspace       used 29002K, committed 29696K, reserved 1114112K
  class space    used 3006K, committed 3328K, reserved 1048576K
}
Event: 1.657 {metaspace Before GC invocations=12 (full 0):
 Metaspace       used 33230K, committed 33984K, reserved 1114112K
  class space    used 3569K, committed 3904K, reserved 1048576K
}
Event: 1.660 {metaspace After GC invocations=13 (full 0):
 Metaspace       used 33230K, committed 33984K, reserved 1114112K
  class space    used 3569K, committed 3904K, reserved 1048576K
}
Event: 1.687 {metaspace Before GC invocations=13 (full 0):
 Metaspace       used 33410K, committed 34176K, reserved 1114112K
  class space    used 3590K, committed 3904K, reserved 1048576K
}
Event: 1.690 {metaspace After GC invocations=14 (full 0):
 Metaspace       used 33410K, committed 34176K, reserved 1114112K
  class space    used 3590K, committed 3904K, reserved 1048576K
}
Event: 2.530 {metaspace Before GC invocations=14 (full 0):
 Metaspace       used 48802K, committed 49920K, reserved 1114112K
  class space    used 5661K, committed 6144K, reserved 1048576K
}
Event: 2.538 {metaspace After GC invocations=15 (full 0):
 Metaspace       used 48802K, committed 49920K, reserved 1114112K
  class space    used 5661K, committed 6144K, reserved 1048576K
}

Dll operation events (18 events):
Event: 0.001 Loaded shared library /snap/dbeaver-ce/549/usr/share/dbeaver-ce/jre/lib/libjava.so
Event: 0.017 Loaded shared library /snap/dbeaver-ce/549/usr/share/dbeaver-ce/jre/lib/libsimdsort.so
Event: 0.047 Loaded shared library /snap/dbeaver-ce/549/usr/share/dbeaver-ce/jre/lib/libnio.so
Event: 0.049 Loaded shared library /snap/dbeaver-ce/549/usr/share/dbeaver-ce/jre/lib/libzip.so
Event: 0.060 Loaded shared library /snap/dbeaver-ce/549/usr/share/dbeaver-ce/jre/lib/libnet.so
Event: 0.073 Loaded shared library /snap/dbeaver-ce/549/usr/share/dbeaver-ce/jre/lib/libjimage.so
Event: 0.107 Loaded shared library /snap/dbeaver-ce/549/usr/share/dbeaver-ce/plugins/org.eclipse.equinox.launcher.gtk.linux.x86_64_1.2.1500.v20250801-0854/eclipse_11916.so
Event: 1.394 Loaded shared library /snap/dbeaver-ce/549/usr/share/dbeaver-ce/jre/lib/libverify.so
Event: 1.407 Loaded shared library /home/ducpv1/snap/dbeaver-ce/549/.local/share/DBeaverData/install-data/org.jkiss.dbeaver.product/26.2.0-202608301738/org.eclipse.osgi/152/0/.cp/libswt-gtk-4973r12.so
Event: 1.407 Loaded shared library /home/ducpv1/snap/dbeaver-ce/549/.local/share/DBeaverData/install-data/org.jkiss.dbeaver.product/26.2.0-202608301738/org.eclipse.osgi/152/0/.cp/libswt-pi3-gtk-4973r12.so
Event: 1.473 Loaded shared library /snap/dbeaver-ce/549/usr/share/dbeaver-ce/jre/lib/libawt.so
Event: 1.474 Loaded shared library /snap/dbeaver-ce/549/usr/share/dbeaver-ce/jre/lib/libawt_xawt.so
Event: 1.485 Loaded shared library /snap/dbeaver-ce/549/usr/share/dbeaver-ce/jre/lib/libfontmanager.so
Event: 1.856 Loaded shared library /snap/dbeaver-ce/549/usr/share/dbeaver-ce/jre/lib/libjaas.so
Event: 1.871 Loaded shared library /home/ducpv1/snap/dbeaver-ce/549/.local/share/DBeaverData/install-data/org.jkiss.dbeaver.product/26.2.0-202608301738/org.eclipse.osgi/49/0/.cp/os/linux/x86_64/libunixfile_1_0_0.so
Event: 1.974 Loaded shared library /home/ducpv1/snap/dbeaver-ce/549/.local/share/DBeaverData/install-data/org.jkiss.dbeaver.product/26.2.0-202608301738/org.eclipse.osgi/152/0/.cp/libswt-cairo-gtk-4973r12.so
Event: 2.029 Loaded shared library /snap/dbeaver-ce/549/usr/share/dbeaver-ce/jre/lib/libextnet.so
Event: 2.422 Loaded shared library /home/ducpv1/snap/dbeaver-ce/549/.local/share/DBeaverData/install-data/org.jkiss.dbeaver.product/26.2.0-202608301738/org.eclipse.osgi/152/0/.cp/libswt-atk-gtk-4973r12.so

Deoptimization events (20 events):
Event: 2.864 Thread 0x000078294c02e610 DEOPT PACKING pc=0x0000782940ace30c sp=0x0000782950500930
Event: 2.864 Thread 0x000078294c02e610 DEOPT UNPACKING pc=0x00007829404ee379 sp=0x00007829505008f0 mode 2
Event: 2.869 Thread 0x000078294c02e610 Uncommon trap: trap_request=0xffffffde fr.pc=0x0000782940bcef84 relative=0x0000000000000084
Event: 2.869 Thread 0x000078294c02e610 Uncommon trap: reason=class_check action=maybe_recompile pc=0x0000782940bcef84 method=org.eclipse.emf.common.notify.impl.BasicNotifierImpl.eNotificationRequired()Z @ 8 c2
Event: 2.869 Thread 0x000078294c02e610 DEOPT PACKING pc=0x0000782940bcef84 sp=0x00007829505028c0
Event: 2.869 Thread 0x000078294c02e610 DEOPT UNPACKING pc=0x00007829404ee379 sp=0x0000782950502870 mode 2
Event: 2.873 Thread 0x000078294c02e610 Uncommon trap: trap_request=0xffffff45 fr.pc=0x0000782940bbaca8 relative=0x0000000000006aa8
Event: 2.873 Thread 0x000078294c02e610 Uncommon trap: reason=unstable_if action=reinterpret pc=0x0000782940bbaca8 method=java.lang.invoke.MethodType.methodType(Ljava/lang/Class;[Ljava/lang/Class;Z)Ljava/lang/invoke/MethodType; @ 53 c2
Event: 2.873 Thread 0x000078294c02e610 DEOPT PACKING pc=0x0000782940bbaca8 sp=0x00007829504fec30
Event: 2.873 Thread 0x000078294c02e610 DEOPT UNPACKING pc=0x00007829404ee379 sp=0x00007829504fec50 mode 2
Event: 2.879 Thread 0x000078294c02e610 Uncommon trap: trap_request=0xffffffde fr.pc=0x0000782940bcef84 relative=0x0000000000000084
Event: 2.879 Thread 0x000078294c02e610 Uncommon trap: reason=class_check action=maybe_recompile pc=0x0000782940bcef84 method=org.eclipse.emf.common.notify.impl.BasicNotifierImpl.eNotificationRequired()Z @ 8 c2
Event: 2.879 Thread 0x000078294c02e610 DEOPT PACKING pc=0x0000782940bcef84 sp=0x0000782950502840
Event: 2.879 Thread 0x000078294c02e610 DEOPT UNPACKING pc=0x00007829404ee379 sp=0x00007829505027f0 mode 2
Event: 2.882 Thread 0x000078294c02e610 DEOPT PACKING pc=0x00007829394e069d sp=0x0000782950502310
Event: 2.882 Thread 0x000078294c02e610 DEOPT UNPACKING pc=0x000078294041ffef sp=0x0000782950501860 mode 0
Event: 2.884 Thread 0x000078294c02e610 Uncommon trap: trap_request=0xffffffde fr.pc=0x0000782940bcef84 relative=0x0000000000000084
Event: 2.884 Thread 0x000078294c02e610 Uncommon trap: reason=class_check action=maybe_recompile pc=0x0000782940bcef84 method=org.eclipse.emf.common.notify.impl.BasicNotifierImpl.eNotificationRequired()Z @ 8 c2
Event: 2.884 Thread 0x000078294c02e610 DEOPT PACKING pc=0x0000782940bcef84 sp=0x00007829505026d0
Event: 2.884 Thread 0x000078294c02e610 DEOPT UNPACKING pc=0x00007829404ee379 sp=0x0000782950502680 mode 2

Classes loaded (20 events):
Event: 2.904 Loading class java/util/concurrent/CompletableFuture$Completion
Event: 2.904 Loading class java/util/concurrent/CompletableFuture$AsynchronousCompletionTask
Event: 2.904 Loading class java/util/concurrent/CompletableFuture$AsynchronousCompletionTask done
Event: 2.904 Loading class java/util/concurrent/CompletableFuture$Completion done
Event: 2.904 Loading class java/util/concurrent/CompletableFuture$AsyncSupply
Event: 2.904 Loading class java/util/concurrent/CompletableFuture$AsyncSupply done
Event: 2.904 Loading class java/util/concurrent/ForkJoinTask$Aux
Event: 2.904 Loading class java/util/concurrent/ForkJoinTask$Aux done
Event: 2.910 Loading class java/text/CollationElementIterator
Event: 2.910 Loading class java/text/CollationElementIterator done
Event: 2.910 Loading class sun/text/CollatorUtilities
Event: 2.911 Loading class sun/text/CollatorUtilities done
Event: 2.911 Loading class jdk/internal/icu/text/UCharacterIterator
Event: 2.911 Loading class jdk/internal/icu/text/UCharacterIterator done
Event: 2.911 Loading class jdk/internal/icu/impl/ReplaceableUCharacterIterator
Event: 2.911 Loading class jdk/internal/icu/impl/ReplaceableUCharacterIterator done
Event: 2.911 Loading class jdk/internal/icu/text/ReplaceableString
Event: 2.911 Loading class jdk/internal/icu/text/Replaceable
Event: 2.911 Loading class jdk/internal/icu/text/Replaceable done
Event: 2.911 Loading class jdk/internal/icu/text/ReplaceableString done

Classes unloaded (0 events):
No events

Classes redefined (0 events):
No events

Internal exceptions (20 events):
Event: 2.736 Thread 0x000078294c02e610 Exception <a 'java/io/FileNotFoundException'{0x00000000c6792d88}> (0x00000000c6792d88) 
thrown [src/hotspot/share/prims/jni.cpp, line 516]
Event: 2.807 Thread 0x000078294c02e610 Exception <a 'java/lang/NoSuchMethodError'{0x00000000c625f7e0}: 'void java.lang.invoke.DirectMethodHandle$Holder.invokeStatic(java.lang.Object, int)'> (0x00000000c625f7e0) 
thrown [src/hotspot/share/interpreter/linkResolver.cpp, line 803]
Event: 2.823 Thread 0x000078294c02e610 Exception <a 'java/io/FileNotFoundException'{0x00000000c6172bf0}> (0x00000000c6172bf0) 
thrown [src/hotspot/share/prims/jni.cpp, line 516]
Event: 2.823 Thread 0x000078294c02e610 Exception <a 'java/io/FileNotFoundException'{0x00000000c6173e28}> (0x00000000c6173e28) 
thrown [src/hotspot/share/prims/jni.cpp, line 516]
Event: 2.823 Thread 0x000078294c02e610 Exception <a 'java/io/FileNotFoundException'{0x00000000c6174ff8}> (0x00000000c6174ff8) 
thrown [src/hotspot/share/prims/jni.cpp, line 516]
Event: 2.823 Thread 0x000078294c02e610 Exception <a 'java/io/FileNotFoundException'{0x00000000c6176230}> (0x00000000c6176230) 
thrown [src/hotspot/share/prims/jni.cpp, line 516]
Event: 2.823 Thread 0x000078294c02e610 Exception <a 'java/io/FileNotFoundException'{0x00000000c61774a8}> (0x00000000c61774a8) 
thrown [src/hotspot/share/prims/jni.cpp, line 516]
Event: 2.823 Thread 0x000078294c02e610 Exception <a 'java/io/FileNotFoundException'{0x00000000c6178728}> (0x00000000c6178728) 
thrown [src/hotspot/share/prims/jni.cpp, line 516]
Event: 2.824 Thread 0x000078294c02e610 Exception <a 'java/io/FileNotFoundException'{0x00000000c6179918}> (0x00000000c6179918) 
thrown [src/hotspot/share/prims/jni.cpp, line 516]
Event: 2.824 Thread 0x000078294c02e610 Exception <a 'java/io/FileNotFoundException'{0x00000000c617ab48}> (0x00000000c617ab48) 
thrown [src/hotspot/share/prims/jni.cpp, line 516]
Event: 2.824 Thread 0x000078294c02e610 Exception <a 'java/io/FileNotFoundException'{0x00000000c617bd30}> (0x00000000c617bd30) 
thrown [src/hotspot/share/prims/jni.cpp, line 516]
Event: 2.824 Thread 0x000078294c02e610 Exception <a 'java/io/FileNotFoundException'{0x00000000c617cf00}> (0x00000000c617cf00) 
thrown [src/hotspot/share/prims/jni.cpp, line 516]
Event: 2.824 Thread 0x000078294c02e610 Exception <a 'java/io/FileNotFoundException'{0x00000000c617e208}> (0x00000000c617e208) 
thrown [src/hotspot/share/prims/jni.cpp, line 516]
Event: 2.824 Thread 0x000078294c02e610 Exception <a 'java/io/FileNotFoundException'{0x00000000c617f770}> (0x00000000c617f770) 
thrown [src/hotspot/share/prims/jni.cpp, line 516]
Event: 2.824 Thread 0x000078294c02e610 Exception <a 'java/io/FileNotFoundException'{0x00000000c6180cc8}> (0x00000000c6180cc8) 
thrown [src/hotspot/share/prims/jni.cpp, line 516]
Event: 2.858 Thread 0x000078294c02e610 Exception <a 'java/lang/NoSuchMethodError'{0x00000000c5b5f150}: 'void java.lang.invoke.DirectMethodHandle$Holder.invokeVirtual(java.lang.Object, java.lang.Object, java.lang.Object, int)'> (0x00000000c5b5f150) 
thrown [src/hotspot/share/interpreter/linkResolver.cpp, line 803]
Event: 2.859 Thread 0x000078294c02e610 Exception <a 'java/lang/NoSuchMethodError'{0x00000000c5b6f888}: 'java.lang.Object java.lang.invoke.DirectMethodHandle$Holder.invokeVirtual(java.lang.Object, java.lang.Object, java.lang.Object)'> (0x00000000c5b6f888) 
thrown [src/hotspot/share/interpreter/linkResolver.cpp, line 803]
Event: 2.861 Thread 0x000078294c02e610 Exception <a 'java/lang/NoSuchMethodError'{0x00000000c5b888a0}: 'java.lang.Object java.lang.invoke.DirectMethodHandle$Holder.newInvokeSpecial(java.lang.Object, java.lang.Object, int)'> (0x00000000c5b888a0) 
thrown [src/hotspot/share/interpreter/linkResolver.cpp, line 803]
Event: 2.862 Thread 0x000078294c02e610 Exception <a 'java/lang/NoSuchMethodError'{0x00000000c5b912a8}: 'java.lang.Object java.lang.invoke.Invokers$Holder.invoke_MT(java.lang.Object, java.lang.Object, java.lang.Object, java.lang.Object, java.lang.Object)'> (0x00000000c5b912a8) 
thrown [src/hotspot/share/interpreter/linkResolver.cpp, line 803]
Event: 2.902 Thread 0x000078294c02e610 Exception <a 'java/io/FileNotFoundException'{0x00000000c58489c8}> (0x00000000c58489c8) 
thrown [src/hotspot/share/prims/jni.cpp, line 516]

VM Operations (20 events):
Event: 2.471 Executing non-safepoint VM operation: HandshakeAllThreads (Deoptimize)
Event: 2.471 Executing non-safepoint VM operation: HandshakeAllThreads (Deoptimize) done
Event: 2.530 Executing safepoint VM operation: CollectForMetadataAllocation (Metadata GC Threshold)
Event: 2.539 Executing safepoint VM operation: CollectForMetadataAllocation (Metadata GC Threshold) done
Event: 2.558 Executing safepoint VM operation: G1PauseRemark
Event: 2.560 Executing safepoint VM operation: G1PauseRemark done
Event: 2.565 Executing safepoint VM operation: G1PauseCleanup
Event: 2.567 Executing safepoint VM operation: G1PauseCleanup done
Event: 2.579 Executing non-safepoint VM operation: HandshakeAllThreads (Deoptimize)
Event: 2.579 Executing non-safepoint VM operation: HandshakeAllThreads (Deoptimize) done
Event: 2.595 Executing non-safepoint VM operation: HandshakeAllThreads (Deoptimize)
Event: 2.596 Executing non-safepoint VM operation: HandshakeAllThreads (Deoptimize) done
Event: 2.852 Executing non-safepoint VM operation: HandshakeAllThreads (Deoptimize)
Event: 2.852 Executing non-safepoint VM operation: HandshakeAllThreads (Deoptimize) done
Event: 2.860 Executing non-safepoint VM operation: HandshakeAllThreads (Deoptimize)
Event: 2.860 Executing non-safepoint VM operation: HandshakeAllThreads (Deoptimize) done
Event: 2.864 Executing non-safepoint VM operation: HandshakeAllThreads (Deoptimize)
Event: 2.864 Executing non-safepoint VM operation: HandshakeAllThreads (Deoptimize) done
Event: 2.875 Executing non-safepoint VM operation: HandshakeAllThreads (Deoptimize)
Event: 2.875 Executing non-safepoint VM operation: HandshakeAllThreads (Deoptimize) done

Memory protections (20 events):
Event: 1.261 Protecting memory [0x00007828e093b000,0x00007828e093f000] with protection modes 0
Event: 1.341 Protecting memory [0x00007828e083b000,0x00007828e083f000] with protection modes 0
Event: 1.346 Protecting memory [0x00007828e073b000,0x00007828e073f000] with protection modes 0
Event: 1.346 Protecting memory [0x00007828e063b000,0x00007828e063f000] with protection modes 0
Event: 1.375 Protecting memory [0x00007828e063b000,0x00007828e063f000] with protection modes 0
Event: 1.419 Protecting memory [0x00007828e073b000,0x00007828e073f000] with protection modes 0
Event: 1.495 Protecting memory [0x00007828e0024000,0x00007828e0028000] with protection modes 0
Event: 1.495 Protecting memory [0x000078285ff00000,0x000078285ff04000] with protection modes 0
Event: 1.827 Protecting memory [0x000078285fe00000,0x000078285fe04000] with protection modes 0
Event: 1.942 Protecting memory [0x000078285fd00000,0x000078285fd04000] with protection modes 0
Event: 2.032 Protecting memory [0x000078285cb00000,0x000078285cb04000] with protection modes 0
Event: 2.035 Protecting memory [0x000078285ca00000,0x000078285ca04000] with protection modes 0
Event: 2.071 Protecting memory [0x000078285c900000,0x000078285c904000] with protection modes 0
Event: 2.072 Protecting memory [0x000078285c800000,0x000078285c804000] with protection modes 0
Event: 2.389 Protecting memory [0x000078285c700000,0x000078285c704000] with protection modes 0
Event: 2.542 Protecting memory [0x000078285c550000,0x000078285c554000] with protection modes 0
Event: 2.696 Protecting memory [0x000078285c450000,0x000078285c454000] with protection modes 0
Event: 2.901 Protecting memory [0x000078285c450000,0x000078285c454000] with protection modes 0
Event: 2.904 Protecting memory [0x000078285c350000,0x000078285c354000] with protection modes 0
Event: 2.905 Protecting memory [0x000078285c250000,0x000078285c254000] with protection modes 0

Nmethod flushes (20 events):
Event: 2.560 Thread 0x000078294c0d9b80 flushing  nmethod 0x0000782939371e88
Event: 2.560 Thread 0x000078294c0d9b80 flushing  nmethod 0x0000782939377888
Event: 2.560 Thread 0x000078294c0d9b80 flushing  nmethod 0x000078293937a008
Event: 2.560 Thread 0x000078294c0d9b80 flushing  nmethod 0x000078293937a888
Event: 2.560 Thread 0x000078294c0d9b80 flushing  nmethod 0x000078293937b488
Event: 2.560 Thread 0x000078294c0d9b80 flushing  nmethod 0x000078293937b788
Event: 2.560 Thread 0x000078294c0d9b80 flushing  nmethod 0x000078293937cf88
Event: 2.560 Thread 0x000078294c0d9b80 flushing  nmethod 0x000078293937df88
Event: 2.560 Thread 0x000078294c0d9b80 flushing  nmethod 0x00007829393cb708
Event: 2.560 Thread 0x000078294c0d9b80 flushing  nmethod 0x00007829393fdc88
Event: 2.560 Thread 0x000078294c0d9b80 flushing  nmethod 0x00007829393fe908
Event: 2.560 Thread 0x000078294c0d9b80 flushing  nmethod 0x0000782939441688
Event: 2.560 Thread 0x000078294c0d9b80 flushing  nmethod 0x0000782939443708
Event: 2.560 Thread 0x000078294c0d9b80 flushing  nmethod 0x0000782939443f08
Event: 2.560 Thread 0x000078294c0d9b80 flushing  nmethod 0x0000782939444388
Event: 2.560 Thread 0x000078294c0d9b80 flushing  nmethod 0x0000782939444988
Event: 2.560 Thread 0x000078294c0d9b80 flushing  nmethod 0x0000782939444c88
Event: 2.560 Thread 0x000078294c0d9b80 flushing  nmethod 0x0000782939444f88
Event: 2.560 Thread 0x000078294c0d9b80 flushing  nmethod 0x0000782939445508
Event: 2.560 Thread 0x000078294c0d9b80 flushing  nmethod 0x0000782939470b08

Events (20 events):
Event: 1.346 Thread 0x000078286c00a7a0 Thread added: 0x0000782860000f50
Event: 1.353 Thread 0x000078286c00a7a0 Thread exited: 0x000078286c00a7a0
Event: 1.353 Thread 0x0000782860000f50 Thread exited: 0x0000782860000f50
Event: 1.375 Thread 0x000078294c5e4a30 Thread added: 0x00007828a804c2f0
Event: 1.419 Thread 0x000078294c02e610 Thread added: 0x000078294c80d050
Event: 1.495 Thread 0x000078294c02e610 Thread added: 0x000078294c977f50
Event: 1.495 Thread 0x000078294c02e610 Thread added: 0x000078294c978f80
Event: 1.827 Thread 0x000078294c02e610 Thread added: 0x000078294cbbcc20
Event: 1.942 Thread 0x000078294c80d050 Thread added: 0x0000782860021720
Event: 2.032 Thread 0x000078294c02e610 Thread added: 0x000078294cdfef30
Event: 2.035 Thread 0x000078294c02e610 Thread added: 0x000078294c8cda20
Event: 2.071 Thread 0x0000782860021720 Thread added: 0x0000782850000f30
Event: 2.072 Thread 0x0000782860021720 Thread added: 0x0000782850002530
Event: 2.389 Thread 0x000078294c02e610 Thread added: 0x000078294d0d9940
Event: 2.542 Thread 0x000078294c80d050 Thread added: 0x0000782860022820
Event: 2.696 Thread 0x000078294c02e610 Thread added: 0x000078294d3964d0
Event: 2.701 Thread 0x000078294d3964d0 Thread exited: 0x000078294d3964d0
Event: 2.901 Thread 0x000078294c02e610 Thread added: 0x000078294d1ca020
Event: 2.904 Thread 0x000078294d1ca020 Thread added: 0x000078282c005480
Event: 2.905 Thread 0x000078294d1ca020 Thread added: 0x000078282c007bc0


Dynamic libraries:
13000000-13080000 rw-p 00000000 00:00 0 
13080000-130a0000 rw-p 00000000 00:00 0 
130a0000-130c0000 rw-p 00000000 00:00 0 
130c0000-13140000 rw-p 00000000 00:00 0 
13140000-131c0000 rw-p 00000000 00:00 0 
131c0000-13200000 rw-p 00000000 00:00 0 
13200000-132c0000 rw-p 00000000 00:00 0 
132c0000-13300000 rw-p 00000000 00:00 0 
13300000-13440000 rw-p 00000000 00:00 0 
13440000-13470000 rw-p 00000000 00:00 0 
13470000-13480000 ---p 00000000 00:00 0 
13480000-136e0000 rw-p 00000000 00:00 0 
136e0000-53000000 ---p 00000000 00:00 0 
c0000000-c7500000 rw-p 00000000 00:00 0 
c7500000-c8500000 ---p 00000000 00:00 0 
c8500000-c8f00000 rw-p 00000000 00:00 0 
c8f00000-ccf00000 ---p 00000000 00:00 0 
ccf00000-cd200000 rw-p 00000000 00:00 0 
cd200000-100000000 ---p 00000000 00:00 0 
615c19ebf000-615c19ec0000 r--p 00000000 07:16 1615                       /snap/dbeaver-ce/549/usr/share/dbeaver-ce/jre/bin/java
615c19ec0000-615c19ec1000 r-xp 00001000 07:16 1615                       /snap/dbeaver-ce/549/usr/share/dbeaver-ce/jre/bin/java
615c19ec1000-615c19ec2000 r--p 00002000 07:16 1615                       /snap/dbeaver-ce/549/usr/share/dbeaver-ce/jre/bin/java
615c19ec2000-615c19ec3000 r--p 00002000 07:16 1615                       /snap/dbeaver-ce/549/usr/share/dbeaver-ce/jre/bin/java
615c19ec3000-615c19ec4000 rw-p 00003000 07:16 1615                       /snap/dbeaver-ce/549/usr/share/dbeaver-ce/jre/bin/java
615c42211000-615c4225c000 rw-p 00000000 00:00 0                          [heap]
78282c000000-78282c021000 rw-p 00000000 00:00 0 
78282c021000-782830000000 ---p 00000000 00:00 0 
782830000000-782830021000 rw-p 00000000 00:00 0 
782830021000-782834000000 ---p 00000000 00:00 0 
782834000000-782834021000 rw-p 00000000 00:00 0 
782834021000-782838000000 ---p 00000000 00:00 0 
782838000000-782838021000 rw-p 00000000 00:00 0 
782838021000-78283c000000 ---p 00000000 00:00 0 
78283c000000-78283c021000 rw-p 00000000 00:00 0 
78283c021000-782840000000 ---p 00000000 00:00 0 
782840000000-782840021000 rw-p 00000000 00:00 0 
782840021000-782844000000 ---p 00000000 00:00 0 
782844000000-782844021000 rw-p 00000000 00:00 0 
782844021000-782848000000 ---p 00000000 00:00 0 
782848000000-782848021000 rw-p 00000000 00:00 0 
782848021000-78284c000000 ---p 00000000 00:00 0 
78284c000000-78284c021000 rw-p 00000000 00:00 0 
78284c021000-782850000000 ---p 00000000 00:00 0 
782850000000-782850029000 rw-p 00000000 00:00 0 
782850029000-782854000000 ---p 00000000 00:00 0 
782854000000-782854021000 rw-p 00000000 00:00 0 
782854021000-782858000000 ---p 00000000 00:00 0 
782858000000-782858021000 rw-p 00000000 00:00 0 
782858021000-78285c000000 ---p 00000000 00:00 0 
78285c250000-78285c254000 ---p 00000000 00:00 0 
78285c254000-78285c350000 rw-p 00000000 00:00 0 
78285c350000-78285c354000 ---p 00000000 00:00 0 
78285c354000-78285c450000 rw-p 00000000 00:00 0 
78285c450000-78285c454000 ---p 00000000 00:00 0 
78285c454000-78285c550000 rw-p 00000000 00:00 0 
78285c550000-78285c554000 ---p 00000000 00:00 0 
78285c554000-78285c650000 rw-p 00000000 00:00 0 
78285c700000-78285c704000 ---p 00000000 00:00 0 
78285c704000-78285c800000 rw-p 00000000 00:00 0 
78285c800000-78285c804000 ---p 00000000 00:00 0 
78285c804000-78285c900000 rw-p 00000000 00:00 0 
78285c900000-78285c904000 ---p 00000000 00:00 0 
78285c904000-78285ca00000 rw-p 00000000 00:00 0 
78285ca00000-78285ca04000 ---p 00000000 00:00 0 
78285ca04000-78285cb00000 rw-p 00000000 00:00 0 
78285cb00000-78285cb04000 ---p 00000000 00:00 0 
78285cb04000-78285cc00000 rw-p 00000000 00:00 0 
78285cc00000-78285cc9d000 r--p 00000000 103:02 19145963                  /usr/lib/x86_64-linux-gnu/libstdc++.so.6.0.33
78285cc9d000-78285cde5000 r-xp 0009d000 103:02 19145963                  /usr/lib/x86_64-linux-gnu/libstdc++.so.6.0.33
78285cde5000-78285ce6c000 r--p 001e5000 103:02 19145963                  /usr/lib/x86_64-linux-gnu/libstdc++.so.6.0.33
78285ce6c000-78285ce77000 r--p 0026b000 103:02 19145963                  /usr/lib/x86_64-linux-gnu/libstdc++.so.6.0.33
78285ce77000-78285ce7a000 rw-p 00276000 103:02 19145963                  /usr/lib/x86_64-linux-gnu/libstdc++.so.6.0.33
78285ce7a000-78285ce7e000 rw-p 00000000 00:00 0 
78285cef8000-78285d000000 r--p 00000000 103:02 19166286                  /usr/share/fonts/truetype/ubuntu/UbuntuSans[wdth,wght].ttf
78285d000000-78285d001000 r--p 00000000 103:02 19148231                  /usr/lib/x86_64-linux-gnu/libicudata.so.74.2
78285d001000-78285d002000 r-xp 00001000 103:02 19148231                  /usr/lib/x86_64-linux-gnu/libicudata.so.74.2
78285d002000-78285ed5e000 r--p 00002000 103:02 19148231                  /usr/lib/x86_64-linux-gnu/libicudata.so.74.2
78285ed5e000-78285ed5f000 r--p 01d5d000 103:02 19148231                  /usr/lib/x86_64-linux-gnu/libicudata.so.74.2
78285ed5f000-78285ed60000 rw-p 01d5e000 103:02 19148231                  /usr/lib/x86_64-linux-gnu/libicudata.so.74.2
78285edc8000-78285edca000 r--p 00000000 103:02 19148377                  /usr/lib/x86_64-linux-gnu/libogg.so.0.8.5
78285edca000-78285edcd000 r-xp 00002000 103:02 19148377                  /usr/lib/x86_64-linux-gnu/libogg.so.0.8.5
78285edcd000-78285edd0000 r--p 00005000 103:02 19148377                  /usr/lib/x86_64-linux-gnu/libogg.so.0.8.5
78285edd0000-78285edd1000 r--p 00007000 103:02 19148377                  /usr/lib/x86_64-linux-gnu/libogg.so.0.8.5
78285edd1000-78285edd2000 rw-p 00008000 103:02 19148377                  /usr/lib/x86_64-linux-gnu/libogg.so.0.8.5
78285edd2000-78285edd5000 r--p 00000000 103:02 19148573                  /usr/lib/x86_64-linux-gnu/libvorbis.so.0.4.9
78285edd5000-78285eded000 r-xp 00003000 103:02 19148573                  /usr/lib/x86_64-linux-gnu/libvorbis.so.0.4.9
78285eded000-78285edfe000 r--p 0001b000 103:02 19148573                  /usr/lib/x86_64-linux-gnu/libvorbis.so.0.4.9
78285edfe000-78285edff000 r--p 0002b000 103:02 19148573                  /usr/lib/x86_64-linux-gnu/libvorbis.so.0.4.9
78285edff000-78285ee00000 rw-p 0002c000 103:02 19148573                  /usr/lib/x86_64-linux-gnu/libvorbis.so.0.4.9
78285ee00000-78285ee68000 r--p 00000000 103:02 19148236                  /usr/lib/x86_64-linux-gnu/libicuuc.so.74.2
78285ee68000-78285ef6d000 r-xp 00068000 103:02 19148236                  /usr/lib/x86_64-linux-gnu/libicuuc.so.74.2
78285ef6d000-78285eff7000 r--p 0016d000 103:02 19148236                  /usr/lib/x86_64-linux-gnu/libicuuc.so.74.2
78285eff7000-78285f00a000 r--p 001f7000 103:02 19148236                  /usr/lib/x86_64-linux-gnu/libicuuc.so.74.2
78285f00a000-78285f00b000 rw-p 0020a000 103:02 19148236                  /usr/lib/x86_64-linux-gnu/libicuuc.so.74.2
78285f00b000-78285f00d000 rw-p 00000000 00:00 0 
78285f013000-78285f015000 r--p 00000000 103:02 19148284                  /usr/lib/x86_64-linux-gnu/libltdl.so.7.3.2
78285f015000-78285f01a000 r-xp 00002000 103:02 19148284                  /usr/lib/x86_64-linux-gnu/libltdl.so.7.3.2
78285f01a000-78285f01c000 r--p 00007000 103:02 19148284                  /usr/lib/x86_64-linux-gnu/libltdl.so.7.3.2
78285f01c000-78285f01d000 r--p 00008000 103:02 19148284                  /usr/lib/x86_64-linux-gnu/libltdl.so.7.3.2
78285f01d000-78285f01e000 rw-p 00009000 103:02 19148284                  /usr/lib/x86_64-linux-gnu/libltdl.so.7.3.2
78285f01e000-78285f04d000 r--p 00000000 103:02 19145970                  /usr/lib/x86_64-linux-gnu/libxml2.so.2.9.14
78285f04d000-78285f1b3000 r-xp 0002f000 103:02 19145970                  /usr/lib/x86_64-linux-gnu/libxml2.so.2.9.14
78285f1b3000-78285f1f5000 r--p 00195000 103:02 19145970                  /usr/lib/x86_64-linux-gnu/libxml2.so.2.9.14
78285f1f5000-78285f1fe000 r--p 001d6000 103:02 19145970                  /usr/lib/x86_64-linux-gnu/libxml2.so.2.9.14
78285f1fe000-78285f1ff000 rw-p 001df000 103:02 19145970                  /usr/lib/x86_64-linux-gnu/libxml2.so.2.9.14
78285f1ff000-78285f200000 rw-p 00000000 00:00 0 
78285f200000-78285f2b7000 r--p 00000000 103:02 19148458                  /usr/lib/x86_64-linux-gnu/librsvg-2.so.2.50.0
78285f2b7000-78285f64e000 r-xp 000b7000 103:02 19148458                  /usr/lib/x86_64-linux-gnu/librsvg-2.so.2.50.0
78285f64e000-78285f7e0000 r--p 0044e000 103:02 19148458                  /usr/lib/x86_64-linux-gnu/librsvg-2.so.2.50.0
78285f7e0000-78285f877000 r--p 005e0000 103:02 19148458                  /usr/lib/x86_64-linux-gnu/librsvg-2.so.2.50.0
78285f877000-78285f878000 rw-p 00677000 103:02 19148458                  /usr/lib/x86_64-linux-gnu/librsvg-2.so.2.50.0
78285f878000-78285f87c000 r--p 00000000 103:02 19148522                  /usr/lib/x86_64-linux-gnu/libtdb.so.1.4.10
78285f87c000-78285f88a000 r-xp 00004000 103:02 19148522                  /usr/lib/x86_64-linux-gnu/libtdb.so.1.4.10
78285f88a000-78285f88f000 r--p 00012000 103:02 19148522                  /usr/lib/x86_64-linux-gnu/libtdb.so.1.4.10
78285f88f000-78285f890000 r--p 00016000 103:02 19148522                  /usr/lib/x86_64-linux-gnu/libtdb.so.1.4.10
78285f890000-78285f891000 rw-p 00017000 103:02 19148522                  /usr/lib/x86_64-linux-gnu/libtdb.so.1.4.10
78285f891000-78285f894000 r--p 00000000 103:02 19147994                  /usr/lib/x86_64-linux-gnu/libcanberra.so.0.2.5
78285f894000-78285f89f000 r-xp 00003000 103:02 19147994                  /usr/lib/x86_64-linux-gnu/libcanberra.so.0.2.5
78285f89f000-78285f8a2000 r--p 0000e000 103:02 19147994                  /usr/lib/x86_64-linux-gnu/libcanberra.so.0.2.5
78285f8a2000-78285f8a3000 r--p 00010000 103:02 19147994                  /usr/lib/x86_64-linux-gnu/libcanberra.so.0.2.5
78285f8a3000-78285f8a4000 rw-p 00011000 103:02 19147994                  /usr/lib/x86_64-linux-gnu/libcanberra.so.0.2.5
78285f8a4000-78285f8f8000 r--p 00000000 103:02 19165943                  /usr/share/fonts/truetype/dejavu/DejaVuSansMono.ttf
78285f8f8000-78285fa00000 r--p 00000000 103:02 19166286                  /usr/share/fonts/truetype/ubuntu/UbuntuSans[wdth,wght].ttf
78285fa00000-78285fa02000 r-xp 00000000 103:02 1313726                   /home/ducpv1/snap/dbeaver-ce/549/.local/share/DBeaverData/install-data/org.jkiss.dbeaver.product/26.2.0-202608301738/org.eclipse.osgi/49/0/.cp/os/linux/x86_64/libunixfile_1_0_0.so
78285fa02000-78285fc01000 ---p 00002000 103:02 1313726                   /home/ducpv1/snap/dbeaver-ce/549/.local/share/DBeaverData/install-data/org.jkiss.dbeaver.product/26.2.0-202608301738/org.eclipse.osgi/49/0/.cp/os/linux/x86_64/libunixfile_1_0_0.so
78285fc01000-78285fc02000 r--p 00001000 103:02 1313726                   /home/ducpv1/snap/dbeaver-ce/549/.local/share/DBeaverData/install-data/org.jkiss.dbeaver.product/26.2.0-202608301738/org.eclipse.osgi/49/0/.cp/os/linux/x86_64/libunixfile_1_0_0.so
78285fc02000-78285fc03000 rw-p 00002000 103:02 1313726                   /home/ducpv1/snap/dbeaver-ce/549/.local/share/DBeaverData/install-data/org.jkiss.dbeaver.product/26.2.0-202608301738/org.eclipse.osgi/49/0/.cp/os/linux/x86_64/libunixfile_1_0_0.so
78285fc08000-78285fc0a000 r--p 00000000 103:02 19148575                  /usr/lib/x86_64-linux-gnu/libvorbisfile.so.3.3.8
78285fc0a000-78285fc0f000 r-xp 00002000 103:02 19148575                  /usr/lib/x86_64-linux-gnu/libvorbisfile.so.3.3.8
78285fc0f000-78285fc10000 r--p 00007000 103:02 19148575                  /usr/lib/x86_64-linux-gnu/libvorbisfile.so.3.3.8
78285fc10000-78285fc11000 r--p 00007000 103:02 19148575                  /usr/lib/x86_64-linux-gnu/libvorbisfile.so.3.3.8
78285fc11000-78285fc12000 rw-p 00008000 103:02 19148575                  /usr/lib/x86_64-linux-gnu/libvorbisfile.so.3.3.8
78285fc12000-78285fc14000 r--p 00000000 103:02 19147993                  /usr/lib/x86_64-linux-gnu/libcanberra-gtk3.so.0.1.9
78285fc14000-78285fc16000 r-xp 00002000 103:02 19147993                  /usr/lib/x86_64-linux-gnu/libcanberra-gtk3.so.0.1.9
78285fc16000-78285fc17000 r--p 00004000 103:02 19147993                  /usr/lib/x86_64-linux-gnu/libcanberra-gtk3.so.0.1.9
78285fc17000-78285fc18000 r--p 00004000 103:02 19147993                  /usr/lib/x86_64-linux-gnu/libcanberra-gtk3.so.0.1.9
78285fc18000-78285fc19000 rw-p 00005000 103:02 19147993                  /usr/lib/x86_64-linux-gnu/libcanberra-gtk3.so.0.1.9
78285fc20000-78285fc27000 r--s 00000000 103:02 19161734                  /usr/lib/x86_64-linux-gnu/gconv/gconv-modules.cache
78285fc27000-78285fc29000 r--p 00000000 103:02 19149974                  /usr/lib/x86_64-linux-gnu/gtk-3.0/modules/libcanberra-gtk3-module.so
78285fc29000-78285fc2c000 r-xp 00002000 103:02 19149974                  /usr/lib/x86_64-linux-gnu/gtk-3.0/modules/libcanberra-gtk3-module.so
78285fc2c000-78285fc2d000 r--p 00005000 103:02 19149974                  /usr/lib/x86_64-linux-gnu/gtk-3.0/modules/libcanberra-gtk3-module.so
78285fc2d000-78285fc2e000 r--p 00005000 103:02 19149974                  /usr/lib/x86_64-linux-gnu/gtk-3.0/modules/libcanberra-gtk3-module.so
78285fc2e000-78285fc2f000 rw-p 00006000 103:02 19149974                  /usr/lib/x86_64-linux-gnu/gtk-3.0/modules/libcanberra-gtk3-module.so
78285fc2f000-78285fc32000 r--p 00000000 103:02 1313752                   /home/ducpv1/snap/dbeaver-ce/549/.local/share/DBeaverData/install-data/org.jkiss.dbeaver.product/26.2.0-202608301738/org.eclipse.osgi/152/0/.cp/libswt-atk-gtk-4973r12.so
78285fc32000-78285fc36000 r-xp 00003000 103:02 1313752                   /home/ducpv1/snap/dbeaver-ce/549/.local/share/DBeaverData/install-data/org.jkiss.dbeaver.product/26.2.0-202608301738/org.eclipse.osgi/152/0/.cp/libswt-atk-gtk-4973r12.so
78285fc36000-78285fc38000 r--p 00007000 103:02 1313752                   /home/ducpv1/snap/dbeaver-ce/549/.local/share/DBeaverData/install-data/org.jkiss.dbeaver.product/26.2.0-202608301738/org.eclipse.osgi/152/0/.cp/libswt-atk-gtk-4973r12.so
78285fc38000-78285fc39000 r--p 00008000 103:02 1313752                   /home/ducpv1/snap/dbeaver-ce/549/.local/share/DBeaverData/install-data/org.jkiss.dbeaver.product/26.2.0-202608301738/org.eclipse.osgi/152/0/.cp/libswt-atk-gtk-4973r12.so
78285fc39000-78285fc3a000 rw-p 00009000 103:02 1313752                   /home/ducpv1/snap/dbeaver-ce/549/.local/share/DBeaverData/install-data/org.jkiss.dbeaver.product/26.2.0-202608301738/org.eclipse.osgi/152/0/.cp/libswt-atk-gtk-4973r12.so
78285fc3a000-78285fc3b000 r--p 00000000 07:16 1831                       /snap/dbeaver-ce/549/usr/share/dbeaver-ce/jre/lib/libextnet.so
78285fc3b000-78285fc3c000 r-xp 00001000 07:16 1831                       /snap/dbeaver-ce/549/usr/share/dbeaver-ce/jre/lib/libextnet.so
78285fc3c000-78285fc3d000 r--p 00002000 07:16 1831                       /snap/dbeaver-ce/549/usr/share/dbeaver-ce/jre/lib/libextnet.so
78285fc3d000-78285fc3e000 r--p 00002000 07:16 1831                       /snap/dbeaver-ce/549/usr/share/dbeaver-ce/jre/lib/libextnet.so
78285fc3e000-78285fc3f000 rw-p 00003000 07:16 1831                       /snap/dbeaver-ce/549/usr/share/dbeaver-ce/jre/lib/libextnet.so
78285fc3f000-78285fc41000 r--p 00000000 103:02 19149970                  /usr/lib/x86_64-linux-gnu/gtk-3.0/3.0.0/immodules/im-wayland.so
78285fc41000-78285fc43000 r-xp 00002000 103:02 19149970                  /usr/lib/x86_64-linux-gnu/gtk-3.0/3.0.0/immodules/im-wayland.so
78285fc43000-78285fc44000 r--p 00004000 103:02 19149970                  /usr/lib/x86_64-linux-gnu/gtk-3.0/3.0.0/immodules/im-wayland.so
78285fc44000-78285fc45000 r--p 00005000 103:02 19149970                  /usr/lib/x86_64-linux-gnu/gtk-3.0/3.0.0/immodules/im-wayland.so
78285fc45000-78285fc46000 rw-p 00006000 103:02 19149970                  /usr/lib/x86_64-linux-gnu/gtk-3.0/3.0.0/immodules/im-wayland.so
78285fc46000-78285fc4a000 r--p 00000000 103:02 19145960                  /usr/lib/x86_64-linux-gnu/libgcc_s.so.1
78285fc4a000-78285fc6e000 r-xp 00004000 103:02 19145960                  /usr/lib/x86_64-linux-gnu/libgcc_s.so.1
78285fc6e000-78285fc72000 r--p 00028000 103:02 19145960                  /usr/lib/x86_64-linux-gnu/libgcc_s.so.1
78285fc72000-78285fc73000 r--p 0002b000 103:02 19145960                  /usr/lib/x86_64-linux-gnu/libgcc_s.so.1
78285fc73000-78285fc74000 rw-p 0002c000 103:02 19145960                  /usr/lib/x86_64-linux-gnu/libgcc_s.so.1
78285fc75000-78285fc7b000 r--p 00000000 103:02 1313740                   /home/ducpv1/snap/dbeaver-ce/549/.local/share/DBeaverData/install-data/org.jkiss.dbeaver.product/26.2.0-202608301738/org.eclipse.osgi/152/0/.cp/libswt-cairo-gtk-4973r12.so
78285fc7b000-78285fc7e000 r-xp 00006000 103:02 1313740                   /home/ducpv1/snap/dbeaver-ce/549/.local/share/DBeaverData/install-data/org.jkiss.dbeaver.product/26.2.0-202608301738/org.eclipse.osgi/152/0/.cp/libswt-cairo-gtk-4973r12.so
78285fc7e000-78285fc80000 r--p 00009000 103:02 1313740                   /home/ducpv1/snap/dbeaver-ce/549/.local/share/DBeaverData/install-data/org.jkiss.dbeaver.product/26.2.0-202608301738/org.eclipse.osgi/152/0/.cp/libswt-cairo-gtk-4973r12.so
78285fc80000-78285fc81000 r--p 0000a000 103:02 1313740                   /home/ducpv1/snap/dbeaver-ce/549/.local/share/DBeaverData/install-data/org.jkiss.dbeaver.product/26.2.0-202608301738/org.eclipse.osgi/152/0/.cp/libswt-cairo-gtk-4973r12.so
78285fc81000-78285fc82000 rw-p 0000b000 103:02 1313740                   /home/ducpv1/snap/dbeaver-ce/549/.local/share/DBeaverData/install-data/org.jkiss.dbeaver.product/26.2.0-202608301738/org.eclipse.osgi/152/0/.cp/libswt-cairo-gtk-4973r12.so
78285fc82000-78285fcd2000 r--p 00000000 103:02 19285542                  /usr/share/icons/Humanity/icon-theme.cache
78285fcd2000-78285fd00000 r--p 00000000 103:02 19297500                  /usr/share/icons/Yaru/icon-theme.cache
78285fd00000-78285fd04000 ---p 00000000 00:00 0 
78285fd04000-78285fe00000 rw-p 00000000 00:00 0 
78285fe00000-78285fe04000 ---p 00000000 00:00 0 
78285fe04000-78285ff00000 rw-p 00000000 00:00 0 
78285ff00000-78285ff04000 ---p 00000000 00:00 0 
78285ff04000-782860000000 rw-p 00000000 00:00 0 
782860000000-78286002c000 rw-p 00000000 00:00 0 
78286002c000-782864000000 ---p 00000000 00:00 0 
782864000000-782864021000 rw-p 00000000 00:00 0 
782864021000-782868000000 ---p 00000000 00:00 0 
782868000000-782868021000 rw-p 00000000 00:00 0 
782868021000-78286c000000 ---p 00000000 00:00 0 
78286c000000-78286c021000 rw-p 00000000 00:00 0 
78286c021000-782870000000 ---p 00000000 00:00 0 
782870000000-782870021000 rw-p 00000000 00:00 0 
782870021000-782874000000 ---p 00000000 00:00 0 
782874000000-782874021000 rw-p 00000000 00:00 0 
782874021000-782878000000 ---p 00000000 00:00 0 
782878000000-78287a14c000 rw-p 00000000 00:00 0 
78287a14c000-78287c000000 ---p 00000000 00:00 0 
78287c000000-78287c021000 rw-p 00000000 00:00 0 
78287c021000-782880000000 ---p 00000000 00:00 0 
782880000000-782880021000 rw-p 00000000 00:00 0 
782880021000-782884000000 ---p 00000000 00:00 0 
782884000000-782884021000 rw-p 00000000 00:00 0 
782884021000-782888000000 ---p 00000000 00:00 0 
782888000000-782888021000 rw-p 00000000 00:00 0 
782888021000-78288c000000 ---p 00000000 00:00 0 
78288c000000-78288c021000 rw-p 00000000 00:00 0 
78288c021000-782890000000 ---p 00000000 00:00 0 
782890000000-782890021000 rw-p 00000000 00:00 0 
782890021000-782894000000 ---p 00000000 00:00 0 
782894000000-782894021000 rw-p 00000000 00:00 0 
782894021000-782898000000 ---p 00000000 00:00 0 
782898000000-782898021000 rw-p 00000000 00:00 0 
782898021000-78289c000000 ---p 00000000 00:00 0 
78289c000000-78289c021000 rw-p 00000000 00:00 0 
78289c021000-7828a0000000 ---p 00000000 00:00 0 
7828a0000000-7828a0029000 rw-p 00000000 00:00 0 
7828a0029000-7828a4000000 ---p 00000000 00:00 0 
7828a4000000-7828a4021000 rw-p 00000000 00:00 0 
7828a4021000-7828a8000000 ---p 00000000 00:00 0 
7828a8000000-7828a807e000 rw-p 00000000 00:00 0 
7828a807e000-7828ac000000 ---p 00000000 00:00 0 
7828ac000000-7828ac7a7000 rw-p 00000000 00:00 0 
7828ac7a7000-7828b0000000 ---p 00000000 00:00 0 
7828b0000000-7828b0021000 rw-p 00000000 00:00 0 
7828b0021000-7828b4000000 ---p 00000000 00:00 0 
7828b4000000-7828b4021000 rw-p 00000000 00:00 0 
7828b4021000-7828b8000000 ---p 00000000 00:00 0 
7828b8000000-7828b8021000 rw-p 00000000 00:00 0 
7828b8021000-7828bc000000 ---p 00000000 00:00 0 
7828bc000000-7828bc021000 rw-p 00000000 00:00 0 
7828bc021000-7828c0000000 ---p 00000000 00:00 0 
7828c0000000-7828c0021000 rw-p 00000000 00:00 0 
7828c0021000-7828c4000000 ---p 00000000 00:00 0 
7828c4000000-7828c4021000 rw-p 00000000 00:00 0 
7828c4021000-7828c8000000 ---p 00000000 00:00 0 
7828c8000000-7828ca6a7000 rw-p 00000000 00:00 0 
7828ca6a7000-7828cc000000 ---p 00000000 00:00 0 
7828cc000000-7828cc021000 rw-p 00000000 00:00 0 
7828cc021000-7828d0000000 ---p 00000000 00:00 0 
7828d0000000-7828d0021000 rw-p 00000000 00:00 0 
7828d0021000-7828d4000000 ---p 00000000 00:00 0 
7828d4000000-7828d4098000 rw-p 00000000 00:00 0 
7828d4098000-7828d8000000 ---p 00000000 00:00 0 
7828d8000000-7828d8021000 rw-p 00000000 00:00 0 
7828d8021000-7828dc000000 ---p 00000000 00:00 0 
7828dc000000-7828dc021000 rw-p 00000000 00:00 0 
7828dc021000-7828e0000000 ---p 00000000 00:00 0 
7828e0004000-7828e001a000 r--p 00000000 103:02 19682425                  /usr/share/icons/gnome/icon-theme.cache
7828e001a000-7828e0024000 r--p 00000000 103:02 19279495                  /usr/share/icons/Adwaita/icon-theme.cache
7828e0024000-7828e0028000 ---p 00000000 00:00 0 
7828e0028000-7828e0124000 rw-p 00000000 00:00 0 
7828e0124000-7828e012f000 r--p 00000000 07:16 1833                       /snap/dbeaver-ce/549/usr/share/dbeaver-ce/jre/lib/libfreetype.so
7828e012f000-7828e01a7000 r-xp 0000b000 07:16 1833                       /snap/dbeaver-ce/549/usr/share/dbeaver-ce/jre/lib/libfreetype.so
7828e01a7000-7828e01cb000 r--p 00083000 07:16 1833                       /snap/dbeaver-ce/549/usr/share/dbeaver-ce/jre/lib/libfreetype.so
7828e01cb000-7828e01d1000 r--p 000a7000 07:16 1833                       /snap/dbeaver-ce/549/usr/share/dbeaver-ce/jre/lib/libfreetype.so
7828e01d1000-7828e01d2000 rw-p 000ad000 07:16 1833                       /snap/dbeaver-ce/549/usr/share/dbeaver-ce/jre/lib/libfreetype.so
7828e01d2000-7828e01d9000 r--p 00000000 07:16 1832                       /snap/dbeaver-ce/549/usr/share/dbeaver-ce/jre/lib/libfontmanager.so
7828e01d9000-7828e035c000 r-xp 00007000 07:16 1832                       /snap/dbeaver-ce/549/usr/share/dbeaver-ce/jre/lib/libfontmanager.so
7828e035c000-7828e0398000 r--p 0018a000 07:16 1832                       /snap/dbeaver-ce/549/usr/share/dbeaver-ce/jre/lib/libfontmanager.so
7828e0398000-7828e039a000 r--p 001c6000 07:16 1832                       /snap/dbeaver-ce/549/usr/share/dbeaver-ce/jre/lib/libfontmanager.so
7828e039a000-7828e039b000 rw-p 001c8000 07:16 1832                       /snap/dbeaver-ce/549/usr/share/dbeaver-ce/jre/lib/libfontmanager.so
7828e039b000-7828e039c000 rw-p 00000000 00:00 0 
7828e039c000-7828e039e000 r--p 00000000 103:02 19147853                  /usr/lib/x86_64-linux-gnu/libXtst.so.6.1.0
7828e039e000-7828e03a1000 r-xp 00002000 103:02 19147853                  /usr/lib/x86_64-linux-gnu/libXtst.so.6.1.0
7828e03a1000-7828e03a2000 r--p 00005000 103:02 19147853                  /usr/lib/x86_64-linux-gnu/libXtst.so.6.1.0
7828e03a2000-7828e03a3000 r--p 00005000 103:02 19147853                  /usr/lib/x86_64-linux-gnu/libXtst.so.6.1.0
7828e03a3000-7828e03a4000 rw-p 00006000 103:02 19147853                  /usr/lib/x86_64-linux-gnu/libXtst.so.6.1.0
7828e03a4000-7828e03a5000 r--p 00000000 103:02 19149683                  /usr/lib/x86_64-linux-gnu/gdk-pixbuf-2.0/2.10.0/loaders/libpixbufloader-svg.so
7828e03a5000-7828e03a6000 r-xp 00001000 103:02 19149683                  /usr/lib/x86_64-linux-gnu/gdk-pixbuf-2.0/2.10.0/loaders/libpixbufloader-svg.so
7828e03a6000-7828e03a7000 r--p 00002000 103:02 19149683                  /usr/lib/x86_64-linux-gnu/gdk-pixbuf-2.0/2.10.0/loaders/libpixbufloader-svg.so
7828e03a7000-7828e03a8000 r--p 00002000 103:02 19149683                  /usr/lib/x86_64-linux-gnu/gdk-pixbuf-2.0/2.10.0/loaders/libpixbufloader-svg.so
7828e03a8000-7828e03a9000 rw-p 00003000 103:02 19149683                  /usr/lib/x86_64-linux-gnu/gdk-pixbuf-2.0/2.10.0/loaders/libpixbufloader-svg.so
7828e03a9000-7828e03ad000 r--p 00000000 103:02 19269966                  /usr/share/icons/hicolor/icon-theme.cache
7828e03ad000-7828e03ae000 r--p 00000000 07:16 1836                       /snap/dbeaver-ce/549/usr/share/dbeaver-ce/jre/lib/libjaas.so
7828e03ae000-7828e03af000 r-xp 00001000 07:16 1836                       /snap/dbeaver-ce/549/usr/share/dbeaver-ce/jre/lib/libjaas.so
7828e03af000-7828e03b0000 r--p 00002000 07:16 1836                       /snap/dbeaver-ce/549/usr/share/dbeaver-ce/jre/lib/libjaas.so
7828e03b0000-7828e03b1000 r--p 00002000 07:16 1836                       /snap/dbeaver-ce/549/usr/share/dbeaver-ce/jre/lib/libjaas.so
7828e03b1000-7828e03b2000 rw-p 00003000 07:16 1836                       /snap/dbeaver-ce/549/usr/share/dbeaver-ce/jre/lib/libjaas.so
7828e03b2000-7828e03c3000 r--p 00000000 07:16 1830                       /snap/dbeaver-ce/549/usr/share/dbeaver-ce/jre/lib/libawt_xawt.so
7828e03c3000-7828e0406000 r-xp 00011000 07:16 1830                       /snap/dbeaver-ce/549/usr/share/dbeaver-ce/jre/lib/libawt_xawt.so
7828e0406000-7828e041a000 r--p 00054000 07:16 1830                       /snap/dbeaver-ce/549/usr/share/dbeaver-ce/jre/lib/libawt_xawt.so
7828e041a000-7828e041c000 r--p 00067000 07:16 1830                       /snap/dbeaver-ce/549/usr/share/dbeaver-ce/jre/lib/libawt_xawt.so
7828e041c000-7828e041e000 rw-p 00069000 07:16 1830                       /snap/dbeaver-ce/549/usr/share/dbeaver-ce/jre/lib/libawt_xawt.so
7828e041e000-7828e0420000 rw-p 00000000 00:00 0 
7828e0420000-7828e043f000 r--p 00000000 07:16 1828                       /snap/dbeaver-ce/549/usr/share/dbeaver-ce/jre/lib/libawt.so
7828e043f000-7828e04dd000 r-xp 0001f000 07:16 1828                       /snap/dbeaver-ce/549/usr/share/dbeaver-ce/jre/lib/libawt.so
7828e04dd000-7828e04ea000 r--p 000bd000 07:16 1828                       /snap/dbeaver-ce/549/usr/share/dbeaver-ce/jre/lib/libawt.so
7828e04ea000-7828e04eb000 r--p 000c9000 07:16 1828                       /snap/dbeaver-ce/549/usr/share/dbeaver-ce/jre/lib/libawt.so
7828e04eb000-7828e04f6000 rw-p 000ca000 07:16 1828                       /snap/dbeaver-ce/549/usr/share/dbeaver-ce/jre/lib/libawt.so
7828e04f6000-7828e051b000 rw-p 00000000 00:00 0 
7828e051b000-7828e0556000 r--p 00000000 103:02 1313705                   /home/ducpv1/snap/dbeaver-ce/549/.local/share/DBeaverData/install-data/org.jkiss.dbeaver.product/26.2.0-202608301738/org.eclipse.osgi/152/0/.cp/libswt-pi3-gtk-4973r12.so
7828e0556000-7828e0577000 r-xp 0003b000 103:02 1313705                   /home/ducpv1/snap/dbeaver-ce/549/.local/share/DBeaverData/install-data/org.jkiss.dbeaver.product/26.2.0-202608301738/org.eclipse.osgi/152/0/.cp/libswt-pi3-gtk-4973r12.so
7828e0577000-7828e058a000 r--p 0005c000 103:02 1313705                   /home/ducpv1/snap/dbeaver-ce/549/.local/share/DBeaverData/install-data/org.jkiss.dbeaver.product/26.2.0-202608301738/org.eclipse.osgi/152/0/.cp/libswt-pi3-gtk-4973r12.so
7828e058a000-7828e058b000 r--p 0006e000 103:02 1313705                   /home/ducpv1/snap/dbeaver-ce/549/.local/share/DBeaverData/install-data/org.jkiss.dbeaver.product/26.2.0-202608301738/org.eclipse.osgi/152/0/.cp/libswt-pi3-gtk-4973r12.so
7828e058b000-7828e058e000 rw-p 0006f000 103:02 1313705                   /home/ducpv1/snap/dbeaver-ce/549/.local/share/DBeaverData/install-data/org.jkiss.dbeaver.product/26.2.0-202608301738/org.eclipse.osgi/152/0/.cp/libswt-pi3-gtk-4973r12.so
7828e058e000-7828e058f000 rw-p 00000000 00:00 0 
7828e058f000-7828e05ce000 r--p 00000000 103:02 1313704                   /home/ducpv1/snap/dbeaver-ce/549/.local/share/DBeaverData/install-data/org.jkiss.dbeaver.product/26.2.0-202608301738/org.eclipse.osgi/152/0/.cp/libswt-gtk-4973r12.so
7828e05ce000-7828e05f7000 r-xp 0003f000 103:02 1313704                   /home/ducpv1/snap/dbeaver-ce/549/.local/share/DBeaverData/install-data/org.jkiss.dbeaver.product/26.2.0-202608301738/org.eclipse.osgi/152/0/.cp/libswt-gtk-4973r12.so
7828e05f7000-7828e061c000 r--p 00068000 103:02 1313704                   /home/ducpv1/snap/dbeaver-ce/549/.local/share/DBeaverData/install-data/org.jkiss.dbeaver.product/26.2.0-202608301738/org.eclipse.osgi/152/0/.cp/libswt-gtk-4973r12.so
7828e061c000-7828e061d000 r--p 0008c000 103:02 1313704                   /home/ducpv1/snap/dbeaver-ce/549/.local/share/DBeaverData/install-data/org.jkiss.dbeaver.product/26.2.0-202608301738/org.eclipse.osgi/152/0/.cp/libswt-gtk-4973r12.so
7828e061d000-7828e0625000 rw-p 0008d000 103:02 1313704                   /home/ducpv1/snap/dbeaver-ce/549/.local/share/DBeaverData/install-data/org.jkiss.dbeaver.product/26.2.0-202608301738/org.eclipse.osgi/152/0/.cp/libswt-gtk-4973r12.so
7828e0625000-7828e0629000 rw-p 00000000 00:00 0 
7828e0629000-7828e062d000 r--p 00000000 07:16 1855                       /snap/dbeaver-ce/549/usr/share/dbeaver-ce/jre/lib/libverify.so
7828e062d000-7828e0636000 r-xp 00004000 07:16 1855                       /snap/dbeaver-ce/549/usr/share/dbeaver-ce/jre/lib/libverify.so
7828e0636000-7828e0638000 r--p 0000d000 07:16 1855                       /snap/dbeaver-ce/549/usr/share/dbeaver-ce/jre/lib/libverify.so
7828e0638000-7828e063a000 r--p 0000e000 07:16 1855                       /snap/dbeaver-ce/549/usr/share/dbeaver-ce/jre/lib/libverify.so
7828e063a000-7828e063b000 rw-p 00010000 07:16 1855                       /snap/dbeaver-ce/549/usr/share/dbeaver-ce/jre/lib/libverify.so
7828e063b000-7828e063f000 ---p 00000000 00:00 0 
7828e063f000-7828e073b000 rw-p 00000000 00:00 0 
7828e073b000-7828e073f000 ---p 00000000 00:00 0 
7828e073f000-7828e083b000 rw-p 00000000 00:00 0 
7828e083b000-7828e083f000 ---p 00000000 00:00 0 
7828e083f000-7828e093b000 rw-p 00000000 00:00 0 
7828e093b000-7828e093f000 ---p 00000000 00:00 0 
7828e093f000-7828e0a3b000 rw-p 00000000 00:00 0 
7828e0a3b000-7828e0a3f000 ---p 00000000 00:00 0 
7828e0a3f000-7828e0b3b000 rw-p 00000000 00:00 0 
7828e0b3b000-7828e0b3c000 ---p 00000000 00:00 0 
7828e0b3c000-7828e0c3c000 rw-p 00000000 00:00 0 
7828e0c3c000-7828e0c40000 ---p 00000000 00:00 0 
7828e0c40000-7828e0d3c000 rw-p 00000000 00:00 0 
7828e0d3c000-7828e0d40000 ---p 00000000 00:00 0 
7828e0d40000-7828e0e3c000 rw-p 00000000 00:00 0 
7828e0e3c000-7828e0e3d000 ---p 00000000 00:00 0 
7828e0e3d000-7828e0f3d000 rw-p 00000000 00:00 0 
7828e0f3d000-7828e0f3e000 ---p 00000000 00:00 0 
7828e0f3e000-7828e103e000 rw-p 00000000 00:00 0 
7828e103e000-7828e103f000 ---p 00000000 00:00 0 
7828e103f000-7828e113f000 rw-p 00000000 00:00 0 
7828e113f000-7828e1140000 ---p 00000000 00:00 0 
7828e1140000-7828e1240000 rw-p 00000000 00:00 0 
7828e1240000-7828e1241000 ---p 00000000 00:00 0 
7828e1241000-7828e1341000 rw-p 00000000 00:00 0 
7828e1341000-7828e1342000 ---p 00000000 00:00 0 
7828e1342000-7828e1442000 rw-p 00000000 00:00 0 
7828e1442000-7828e1443000 ---p 00000000 00:00 0 
7828e1443000-7828e1543000 rw-p 00000000 00:00 0 
7828e1543000-7828e1547000 ---p 00000000 00:00 0 
7828e1547000-7828e1643000 rw-p 00000000 00:00 0 
7828e1643000-7828e1647000 ---p 00000000 00:00 0 
7828e1647000-7828e1743000 rw-p 00000000 00:00 0 
7828e1743000-7828e1747000 ---p 00000000 00:00 0 
7828e1747000-7828e1843000 rw-p 00000000 00:00 0 
7828e1843000-7828e1847000 ---p 00000000 00:00 0 
7828e1847000-7828e1943000 rw-p 00000000 00:00 0 
7828e1943000-7828e1947000 ---p 00000000 00:00 0 
7828e1947000-7828e1a43000 rw-p 00000000 00:00 0 
7828e1a43000-7828e1a47000 ---p 00000000 00:00 0 
7828e1a47000-7828e1b43000 rw-p 00000000 00:00 0 
7828e1b43000-7828e1b47000 ---p 00000000 00:00 0 
7828e1b47000-7828e1c43000 rw-p 00000000 00:00 0 
7828e1c43000-7828e1c47000 ---p 00000000 00:00 0 
7828e1c47000-7828e1d43000 rw-p 00000000 00:00 0 
7828e1d43000-7828e1d47000 ---p 00000000 00:00 0 
7828e1d47000-7828e1e43000 rw-p 00000000 00:00 0 
7828e1e43000-7828e1e47000 ---p 00000000 00:00 0 
7828e1e47000-7828e1f43000 rw-p 00000000 00:00 0 
7828e1f43000-7828e1f47000 ---p 00000000 00:00 0 
7828e1f47000-7828e2043000 rw-p 00000000 00:00 0 
7828e2043000-7828e2047000 ---p 00000000 00:00 0 
7828e2047000-7828e2143000 rw-p 00000000 00:00 0 
7828e2143000-7828e2147000 ---p 00000000 00:00 0 
7828e2147000-7828e2243000 rw-p 00000000 00:00 0 
7828e2243000-7828e234b000 r--p 00000000 103:02 19166286                  /usr/share/fonts/truetype/ubuntu/UbuntuSans[wdth,wght].ttf
7828e234b000-7828e2453000 r--p 00000000 103:02 19166286                  /usr/share/fonts/truetype/ubuntu/UbuntuSans[wdth,wght].ttf
7828e2453000-7828e2461000 r--s 00000000 103:02 25690515                  /var/cache/fontconfig/a4e60e8d1e10d2fdff3fe3037a1845fb-le64.cache-9
7828e2461000-7828e24bf000 r--s 00000000 103:02 25690500                  /var/cache/fontconfig/2300eef321c393bfd76478a5c0e95b23-le64.cache-9
7828e24bf000-7828e2534000 r--s 00000000 103:02 25690498                  /var/cache/fontconfig/0bd3dc0958fa2205aaaa8ebb13e2872b-le64.cache-9
7828e2534000-7828e2544000 r--s 00000000 103:02 25690509                  /var/cache/fontconfig/6cc790b63b123a6a96ee260fcdad32a9-le64.cache-9
7828e2544000-7828e2555000 r--s 00000000 103:02 25690513                  /var/cache/fontconfig/9b89f8e3dae116d678bbf48e5f21f69b-le64.cache-9
7828e2555000-7828e2556000 ---p 00000000 00:00 0 
7828e2556000-7828e2d56000 rw-p 00000000 00:00 0 
7828e2d56000-7828e2d7d000 r--s 00000000 103:02 19155939                  /usr/share/mime/mime.cache
7828e2d7d000-7828e2d8f000 r--p 00000000 103:02 19138311                  /usr/lib/x86_64-linux-gnu/gvfs/libgvfscommon.so
7828e2d8f000-7828e2dab000 r-xp 00012000 103:02 19138311                  /usr/lib/x86_64-linux-gnu/gvfs/libgvfscommon.so
7828e2dab000-7828e2db7000 r--p 0002e000 103:02 19138311                  /usr/lib/x86_64-linux-gnu/gvfs/libgvfscommon.so
7828e2db7000-7828e2dbd000 r--p 00039000 103:02 19138311                  /usr/lib/x86_64-linux-gnu/gvfs/libgvfscommon.so
7828e2dbd000-7828e2dbe000 rw-p 0003f000 103:02 19138311                  /usr/lib/x86_64-linux-gnu/gvfs/libgvfscommon.so
7828e2dbe000-7828e2ffe000 rw-s 00000000 00:01 4254                       /memfd:wayland-cursor (deleted)
7828e2ffe000-7828e2fff000 ---p 00000000 00:00 0 
7828e2fff000-7828e37ff000 rw-p 00000000 00:00 0 
7828e37ff000-7828e3800000 ---p 00000000 00:00 0 
7828e3800000-7828e4000000 rw-p 00000000 00:00 0 
7828e4000000-7828e4021000 rw-p 00000000 00:00 0 
7828e4021000-7828e8000000 ---p 00000000 00:00 0 
7828e8000000-7828e8021000 rw-p 00000000 00:00 0 
7828e8021000-7828ec000000 ---p 00000000 00:00 0 
7828ec000000-7828ec021000 rw-p 00000000 00:00 0 
7828ec021000-7828f0000000 ---p 00000000 00:00 0 
7828f0000000-7828f0021000 rw-p 00000000 00:00 0 
7828f0021000-7828f4000000 ---p 00000000 00:00 0 
7828f4000000-7828f6440000 rw-p 00000000 00:00 0 
7828f6440000-7828f8000000 ---p 00000000 00:00 0 
7828f8000000-7828f919b000 rw-p 00000000 00:00 0 
7828f919b000-7828fc000000 ---p 00000000 00:00 0 
7828fc000000-7828fc021000 rw-p 00000000 00:00 0 
7828fc021000-782900000000 ---p 00000000 00:00 0 
782900000000-782900021000 rw-p 00000000 00:00 0 
782900021000-782904000000 ---p 00000000 00:00 0 
782904000000-782904021000 rw-p 00000000 00:00 0 
782904021000-782908000000 ---p 00000000 00:00 0 
782908000000-782908021000 rw-p 00000000 00:00 0 
782908021000-78290c000000 ---p 00000000 00:00 0 
78290c000000-78290c021000 rw-p 00000000 00:00 0 
78290c021000-782910000000 ---p 00000000 00:00 0 
782910003000-78291000b000 r--s 00000000 103:02 25690501                  /var/cache/fontconfig/3047814df9a2f067bd2d96a2b9c36e5a-le64.cache-9
78291000b000-782910015000 r--p 00000000 103:02 19138314                  /usr/lib/x86_64-linux-gnu/gio/modules/libgvfsdbus.so
782910015000-782910033000 r-xp 0000a000 103:02 19138314                  /usr/lib/x86_64-linux-gnu/gio/modules/libgvfsdbus.so
782910033000-78291003b000 r--p 00028000 103:02 19138314                  /usr/lib/x86_64-linux-gnu/gio/modules/libgvfsdbus.so
78291003b000-78291003d000 r--p 00030000 103:02 19138314                  /usr/lib/x86_64-linux-gnu/gio/modules/libgvfsdbus.so
78291003d000-78291003e000 rw-p 00032000 103:02 19138314                  /usr/lib/x86_64-linux-gnu/gio/modules/libgvfsdbus.so
78291003e000-7829100f2000 r--p 00000000 103:02 19425558                  /usr/share/themes/Yaru-dark/gtk-3.0/gtk.gresource
7829100f2000-78291011a000 r--p 00000000 103:02 19137996                  /usr/share/glib-2.0/schemas/gschemas.compiled
78291011a000-78291011b000 ---p 00000000 00:00 0 
78291011b000-78291091b000 rw-p 00000000 00:00 0 
78291091b000-78291091c000 ---p 00000000 00:00 0 
78291091c000-78291111c000 rw-p 00000000 00:00 0 
78291111c000-78291111d000 ---p 00000000 00:00 0 
78291111d000-78291191d000 rw-p 00000000 00:00 0 
78291191d000-782911921000 r--p 00000000 103:02 19148645                  /usr/lib/x86_64-linux-gnu/libzstd.so.1.5.5
782911921000-7829119c8000 r-xp 00004000 103:02 19148645                  /usr/lib/x86_64-linux-gnu/libzstd.so.1.5.5
7829119c8000-7829119d5000 r--p 000ab000 103:02 19148645                  /usr/lib/x86_64-linux-gnu/libzstd.so.1.5.5
7829119d5000-7829119d6000 r--p 000b7000 103:02 19148645                  /usr/lib/x86_64-linux-gnu/libzstd.so.1.5.5
7829119d6000-7829119d7000 rw-p 000b8000 103:02 19148645                  /usr/lib/x86_64-linux-gnu/libzstd.so.1.5.5
7829119d7000-7829119e6000 r--p 00000000 103:02 19146241                  /usr/lib/x86_64-linux-gnu/libgcrypt.so.20.4.3
7829119e6000-782911adb000 r-xp 0000f000 103:02 19146241                  /usr/lib/x86_64-linux-gnu/libgcrypt.so.20.4.3
782911adb000-782911b16000 r--p 00104000 103:02 19146241                  /usr/lib/x86_64-linux-gnu/libgcrypt.so.20.4.3
782911b16000-782911b1b000 r--p 0013f000 103:02 19146241                  /usr/lib/x86_64-linux-gnu/libgcrypt.so.20.4.3
782911b1b000-782911b1f000 rw-p 00144000 103:02 19146241                  /usr/lib/x86_64-linux-gnu/libgcrypt.so.20.4.3
782911b1f000-782911b20000 rw-p 00000000 00:00 0 
782911b20000-782911b36000 r--p 00000000 103:02 19145514                  /usr/lib/x86_64-linux-gnu/libsystemd.so.0.38.0
782911b36000-782911bc5000 r-xp 00016000 103:02 19145514                  /usr/lib/x86_64-linux-gnu/libsystemd.so.0.38.0
782911bc5000-782911bf3000 r--p 000a5000 103:02 19145514                  /usr/lib/x86_64-linux-gnu/libsystemd.so.0.38.0
782911bf3000-782911bfe000 r--p 000d2000 103:02 19145514                  /usr/lib/x86_64-linux-gnu/libsystemd.so.0.38.0
782911bfe000-782911bff000 rw-p 000dd000 103:02 19145514                  /usr/lib/x86_64-linux-gnu/libsystemd.so.0.38.0
782911bff000-782911c00000 rw-p 00000000 00:00 0 
782911c00000-782911c83000 r--p 00000000 103:02 19148196                  /usr/lib/x86_64-linux-gnu/libgtk-3.so.0.2409.32
782911c83000-782912031000 r-xp 00083000 103:02 19148196                  /usr/lib/x86_64-linux-gnu/libgtk-3.so.0.2409.32
782912031000-7829123af000 r--p 00431000 103:02 19148196                  /usr/lib/x86_64-linux-gnu/libgtk-3.so.0.2409.32
7829123af000-7829123bf000 r--p 007ae000 103:02 19148196                  /usr/lib/x86_64-linux-gnu/libgtk-3.so.0.2409.32
7829123bf000-7829123c1000 rw-p 007be000 103:02 19148196                  /usr/lib/x86_64-linux-gnu/libgtk-3.so.0.2409.32
7829123c1000-7829123c6000 rw-p 00000000 00:00 0 
7829123c9000-7829123cf000 r--s 00000000 103:02 25690519                  /var/cache/fontconfig/d589a48862398ed80a3d6066f4f56f4c-le64.cache-9
7829123cf000-7829123e0000 r--s 00000000 103:02 25690521                  /var/cache/fontconfig/e13b20fdb08344e0e664864cc2ede53d-le64.cache-9
7829123e0000-7829123e4000 r--p 00000000 103:02 19148163                  /usr/lib/x86_64-linux-gnu/libgpg-error.so.0.34.0
7829123e4000-7829123fa000 r-xp 00004000 103:02 19148163                  /usr/lib/x86_64-linux-gnu/libgpg-error.so.0.34.0
7829123fa000-782912403000 r--p 0001a000 103:02 19148163                  /usr/lib/x86_64-linux-gnu/libgpg-error.so.0.34.0
782912403000-782912404000 r--p 00023000 103:02 19148163                  /usr/lib/x86_64-linux-gnu/libgpg-error.so.0.34.0
782912404000-782912405000 rw-p 00024000 103:02 19148163                  /usr/lib/x86_64-linux-gnu/libgpg-error.so.0.34.0
782912405000-782912408000 r--p 00000000 103:02 19146358                  /usr/lib/x86_64-linux-gnu/liblzma.so.5.4.5
782912408000-78291242a000 r-xp 00003000 103:02 19146358                  /usr/lib/x86_64-linux-gnu/liblzma.so.5.4.5
78291242a000-782912435000 r--p 00025000 103:02 19146358                  /usr/lib/x86_64-linux-gnu/liblzma.so.5.4.5
782912435000-782912436000 r--p 00030000 103:02 19146358                  /usr/lib/x86_64-linux-gnu/liblzma.so.5.4.5
782912436000-782912437000 rw-p 00031000 103:02 19146358                  /usr/lib/x86_64-linux-gnu/liblzma.so.5.4.5
782912437000-78291243a000 r--p 00000000 103:02 19148287                  /usr/lib/x86_64-linux-gnu/liblz4.so.1.9.4
78291243a000-782912455000 r-xp 00003000 103:02 19148287                  /usr/lib/x86_64-linux-gnu/liblz4.so.1.9.4
782912455000-782912457000 r--p 0001e000 103:02 19148287                  /usr/lib/x86_64-linux-gnu/liblz4.so.1.9.4
782912457000-782912458000 r--p 00020000 103:02 19148287                  /usr/lib/x86_64-linux-gnu/liblz4.so.1.9.4
782912458000-782912459000 rw-p 00021000 103:02 19148287                  /usr/lib/x86_64-linux-gnu/liblz4.so.1.9.4
782912459000-78291245c000 r--p 00000000 103:02 19146213                  /usr/lib/x86_64-linux-gnu/libcap.so.2.66
78291245c000-782912462000 r-xp 00003000 103:02 19146213                  /usr/lib/x86_64-linux-gnu/libcap.so.2.66
782912462000-782912464000 r--p 00009000 103:02 19146213                  /usr/lib/x86_64-linux-gnu/libcap.so.2.66
782912464000-782912465000 r--p 0000b000 103:02 19146213                  /usr/lib/x86_64-linux-gnu/libcap.so.2.66
782912465000-782912466000 rw-p 0000c000 103:02 19146213                  /usr/lib/x86_64-linux-gnu/libcap.so.2.66
782912466000-782912472000 r--p 00000000 103:02 19148024                  /usr/lib/x86_64-linux-gnu/libdbus-1.so.3.32.4
782912472000-7829124a2000 r-xp 0000c000 103:02 19148024                  /usr/lib/x86_64-linux-gnu/libdbus-1.so.3.32.4
7829124a2000-7829124b3000 r--p 0003c000 103:02 19148024                  /usr/lib/x86_64-linux-gnu/libdbus-1.so.3.32.4
7829124b3000-7829124b4000 r--p 0004c000 103:02 19148024                  /usr/lib/x86_64-linux-gnu/libdbus-1.so.3.32.4
7829124b4000-7829124b5000 rw-p 0004d000 103:02 19148024                  /usr/lib/x86_64-linux-gnu/libdbus-1.so.3.32.4
7829124b5000-7829124c5000 r--p 00000000 103:02 19147946                  /usr/lib/x86_64-linux-gnu/libatspi.so.0.0.1
7829124c5000-7829124de000 r-xp 00010000 103:02 19147946                  /usr/lib/x86_64-linux-gnu/libatspi.so.0.0.1
7829124de000-7829124eb000 r--p 00029000 103:02 19147946                  /usr/lib/x86_64-linux-gnu/libatspi.so.0.0.1
7829124eb000-7829124ee000 r--p 00036000 103:02 19147946                  /usr/lib/x86_64-linux-gnu/libatspi.so.0.0.1
7829124ee000-7829124ef000 rw-p 00039000 103:02 19147946                  /usr/lib/x86_64-linux-gnu/libatspi.so.0.0.1
7829124ef000-7829124fb000 r--p 00000000 103:02 19147942                  /usr/lib/x86_64-linux-gnu/libatk-bridge-2.0.so.0.0.0
7829124fb000-782912515000 r-xp 0000c000 103:02 19147942                  /usr/lib/x86_64-linux-gnu/libatk-bridge-2.0.so.0.0.0
782912515000-782912528000 r--p 00026000 103:02 19147942                  /usr/lib/x86_64-linux-gnu/libatk-bridge-2.0.so.0.0.0
782912528000-782912529000 r--p 00039000 103:02 19147942                  /usr/lib/x86_64-linux-gnu/libatk-bridge-2.0.so.0.0.0
782912529000-78291252b000 rw-p 0003a000 103:02 19147942                  /usr/lib/x86_64-linux-gnu/libatk-bridge-2.0.so.0.0.0
78291252b000-782912536000 r--p 00000000 103:02 19147941                  /usr/lib/x86_64-linux-gnu/libatk-1.0.so.0.25209.1
782912536000-782912546000 r-xp 0000b000 103:02 19147941                  /usr/lib/x86_64-linux-gnu/libatk-1.0.so.0.25209.1
782912546000-782912551000 r--p 0001b000 103:02 19147941                  /usr/lib/x86_64-linux-gnu/libatk-1.0.so.0.25209.1
782912551000-782912554000 r--p 00026000 103:02 19147941                  /usr/lib/x86_64-linux-gnu/libatk-1.0.so.0.25209.1
782912554000-782912555000 rw-p 00029000 103:02 19147941                  /usr/lib/x86_64-linux-gnu/libatk-1.0.so.0.25209.1
782912555000-782912557000 r--p 00000000 103:02 19148302                  /usr/lib/x86_64-linux-gnu/libmd.so.0.1.0
782912557000-782912560000 r-xp 00002000 103:02 19148302                  /usr/lib/x86_64-linux-gnu/libmd.so.0.1.0
782912560000-782912562000 r--p 0000b000 103:02 19148302                  /usr/lib/x86_64-linux-gnu/libmd.so.0.1.0
782912562000-782912563000 r--p 0000c000 103:02 19148302                  /usr/lib/x86_64-linux-gnu/libmd.so.0.1.0
782912563000-782912564000 rw-p 0000d000 103:02 19148302                  /usr/lib/x86_64-linux-gnu/libmd.so.0.1.0
782912564000-782912568000 r--p 00000000 103:02 19147981                  /usr/lib/x86_64-linux-gnu/libbsd.so.0.12.1
782912568000-782912574000 r-xp 00004000 103:02 19147981                  /usr/lib/x86_64-linux-gnu/libbsd.so.0.12.1
782912574000-782912577000 r--p 00010000 103:02 19147981                  /usr/lib/x86_64-linux-gnu/libbsd.so.0.12.1
782912577000-782912578000 r--p 00012000 103:02 19147981                  /usr/lib/x86_64-linux-gnu/libbsd.so.0.12.1
782912578000-782912579000 rw-p 00013000 103:02 19147981                  /usr/lib/x86_64-linux-gnu/libbsd.so.0.12.1
782912579000-78291257a000 rw-p 00000000 00:00 0 
78291257a000-78291257b000 r--p 00000000 103:02 19147978                  /usr/lib/x86_64-linux-gnu/libbrotlicommon.so.1.1.0
78291257b000-78291257c000 r-xp 00001000 103:02 19147978                  /usr/lib/x86_64-linux-gnu/libbrotlicommon.so.1.1.0
78291257c000-78291259b000 r--p 00002000 103:02 19147978                  /usr/lib/x86_64-linux-gnu/libbrotlicommon.so.1.1.0
78291259b000-78291259c000 r--p 00021000 103:02 19147978                  /usr/lib/x86_64-linux-gnu/libbrotlicommon.so.1.1.0
78291259c000-78291259d000 rw-p 00022000 103:02 19147978                  /usr/lib/x86_64-linux-gnu/libbrotlicommon.so.1.1.0
78291259d000-7829125a4000 r--p 00000000 103:02 19137659                  /usr/lib/x86_64-linux-gnu/libblkid.so.1.1.0
7829125a4000-7829125c8000 r-xp 00007000 103:02 19137659                  /usr/lib/x86_64-linux-gnu/libblkid.so.1.1.0
7829125c8000-7829125d1000 r--p 0002b000 103:02 19137659                  /usr/lib/x86_64-linux-gnu/libblkid.so.1.1.0
7829125d1000-7829125d7000 r--p 00033000 103:02 19137659                  /usr/lib/x86_64-linux-gnu/libblkid.so.1.1.0
7829125d7000-7829125d8000 rw-p 00039000 103:02 19137659                  /usr/lib/x86_64-linux-gnu/libblkid.so.1.1.0
7829125d8000-7829125db000 r--p 00000000 103:02 19146131                  /usr/lib/x86_64-linux-gnu/libgraphite2.so.3.2.1
7829125db000-7829125f8000 r-xp 00003000 103:02 19146131                  /usr/lib/x86_64-linux-gnu/libgraphite2.so.3.2.1
7829125f8000-7829125fb000 r--p 00020000 103:02 19146131                  /usr/lib/x86_64-linux-gnu/libgraphite2.so.3.2.1
7829125fb000-7829125fd000 r--p 00022000 103:02 19146131                  /usr/lib/x86_64-linux-gnu/libgraphite2.so.3.2.1
7829125fd000-7829125fe000 rw-p 00024000 103:02 19146131                  /usr/lib/x86_64-linux-gnu/libgraphite2.so.3.2.1
7829125fe000-782912600000 r--p 00000000 103:02 19148022                  /usr/lib/x86_64-linux-gnu/libdatrie.so.1.4.0
782912600000-782912604000 r-xp 00002000 103:02 19148022                  /usr/lib/x86_64-linux-gnu/libdatrie.so.1.4.0
782912604000-782912605000 r--p 00006000 103:02 19148022                  /usr/lib/x86_64-linux-gnu/libdatrie.so.1.4.0
782912605000-782912606000 r--p 00006000 103:02 19148022                  /usr/lib/x86_64-linux-gnu/libdatrie.so.1.4.0
782912606000-782912607000 rw-p 00007000 103:02 19148022                  /usr/lib/x86_64-linux-gnu/libdatrie.so.1.4.0
782912607000-782912609000 r--p 00000000 103:02 19147839                  /usr/lib/x86_64-linux-gnu/libXdmcp.so.6.0.0
782912609000-78291260b000 r-xp 00002000 103:02 19147839                  /usr/lib/x86_64-linux-gnu/libXdmcp.so.6.0.0
78291260b000-78291260d000 r--p 00004000 103:02 19147839                  /usr/lib/x86_64-linux-gnu/libXdmcp.so.6.0.0
78291260d000-78291260e000 r--p 00005000 103:02 19147839                  /usr/lib/x86_64-linux-gnu/libXdmcp.so.6.0.0
78291260e000-78291260f000 rw-p 00006000 103:02 19147839                  /usr/lib/x86_64-linux-gnu/libXdmcp.so.6.0.0
78291260f000-782912610000 r--p 00000000 103:02 19147834                  /usr/lib/x86_64-linux-gnu/libXau.so.6.0.0
782912610000-782912612000 r-xp 00001000 103:02 19147834                  /usr/lib/x86_64-linux-gnu/libXau.so.6.0.0
782912612000-782912613000 r--p 00003000 103:02 19147834                  /usr/lib/x86_64-linux-gnu/libXau.so.6.0.0
782912613000-782912614000 r--p 00003000 103:02 19147834                  /usr/lib/x86_64-linux-gnu/libXau.so.6.0.0
782912614000-782912615000 rw-p 00004000 103:02 19147834                  /usr/lib/x86_64-linux-gnu/libXau.so.6.0.0
782912615000-782912616000 r--p 00000000 103:02 19147979                  /usr/lib/x86_64-linux-gnu/libbrotlidec.so.1.1.0
782912616000-78291261e000 r-xp 00001000 103:02 19147979                  /usr/lib/x86_64-linux-gnu/libbrotlidec.so.1.1.0
78291261e000-782912621000 r--p 00009000 103:02 19147979                  /usr/lib/x86_64-linux-gnu/libbrotlidec.so.1.1.0
782912621000-782912622000 r--p 0000b000 103:02 19147979                  /usr/lib/x86_64-linux-gnu/libbrotlidec.so.1.1.0
782912622000-782912623000 rw-p 0000c000 103:02 19147979                  /usr/lib/x86_64-linux-gnu/libbrotlidec.so.1.1.0
782912623000-782912625000 r--p 00000000 103:02 19150149                  /usr/lib/x86_64-linux-gnu/libbz2.so.1.0.4
782912625000-782912633000 r-xp 00002000 103:02 19150149                  /usr/lib/x86_64-linux-gnu/libbz2.so.1.0.4
782912633000-782912635000 r--p 00010000 103:02 19150149                  /usr/lib/x86_64-linux-gnu/libbz2.so.1.0.4
782912635000-782912636000 r--p 00011000 103:02 19150149                  /usr/lib/x86_64-linux-gnu/libbz2.so.1.0.4
782912636000-782912637000 rw-p 00012000 103:02 19150149                  /usr/lib/x86_64-linux-gnu/libbz2.so.1.0.4
782912637000-78291263f000 r--p 00000000 103:02 19148394                  /usr/lib/x86_64-linux-gnu/libpangoft2-1.0.so.0.5200.1
78291263f000-78291264c000 r-xp 00008000 103:02 19148394                  /usr/lib/x86_64-linux-gnu/libpangoft2-1.0.so.0.5200.1
78291264c000-782912650000 r--p 00015000 103:02 19148394                  /usr/lib/x86_64-linux-gnu/libpangoft2-1.0.so.0.5200.1
782912650000-782912651000 r--p 00019000 103:02 19148394                  /usr/lib/x86_64-linux-gnu/libpangoft2-1.0.so.0.5200.1
782912651000-782912652000 rw-p 0001a000 103:02 19148394                  /usr/lib/x86_64-linux-gnu/libpangoft2-1.0.so.0.5200.1
782912652000-782912658000 r--p 00000000 103:02 19148477                  /usr/lib/x86_64-linux-gnu/libselinux.so.1
782912658000-782912675000 r-xp 00006000 103:02 19148477                  /usr/lib/x86_64-linux-gnu/libselinux.so.1
782912675000-78291267b000 r--p 00023000 103:02 19148477                  /usr/lib/x86_64-linux-gnu/libselinux.so.1
78291267b000-78291267c000 r--p 00029000 103:02 19148477                  /usr/lib/x86_64-linux-gnu/libselinux.so.1
78291267c000-78291267d000 rw-p 0002a000 103:02 19148477                  /usr/lib/x86_64-linux-gnu/libselinux.so.1
78291267d000-78291267f000 rw-p 00000000 00:00 0 
78291267f000-782912688000 r--p 00000000 103:02 19146546                  /usr/lib/x86_64-linux-gnu/libmount.so.1.1.0
782912688000-7829126bc000 r-xp 00009000 103:02 19146546                  /usr/lib/x86_64-linux-gnu/libmount.so.1.1.0
7829126bc000-7829126c9000 r--p 0003d000 103:02 19146546                  /usr/lib/x86_64-linux-gnu/libmount.so.1.1.0
7829126c9000-7829126cb000 r--p 00049000 103:02 19146546                  /usr/lib/x86_64-linux-gnu/libmount.so.1.1.0
7829126cb000-7829126cc000 rw-p 0004b000 103:02 19146546                  /usr/lib/x86_64-linux-gnu/libmount.so.1.1.0
7829126cc000-7829126d0000 r--p 00000000 103:02 19145980                  /usr/lib/x86_64-linux-gnu/libexpat.so.1.9.1
7829126d0000-7829126ed000 r-xp 00004000 103:02 19145980                  /usr/lib/x86_64-linux-gnu/libexpat.so.1.9.1
7829126ed000-7829126f5000 r--p 00021000 103:02 19145980                  /usr/lib/x86_64-linux-gnu/libexpat.so.1.9.1
7829126f5000-7829126f7000 r--p 00028000 103:02 19145980                  /usr/lib/x86_64-linux-gnu/libexpat.so.1.9.1
7829126f7000-7829126f8000 rw-p 0002a000 103:02 19145980                  /usr/lib/x86_64-linux-gnu/libexpat.so.1.9.1
7829126f8000-782912703000 r--p 00000000 103:02 19148213                  /usr/lib/x86_64-linux-gnu/libharfbuzz.so.0.60830.0
782912703000-7829127d1000 r-xp 0000b000 103:02 19148213                  /usr/lib/x86_64-linux-gnu/libharfbuzz.so.0.60830.0
7829127d1000-782912803000 r--p 000d9000 103:02 19148213                  /usr/lib/x86_64-linux-gnu/libharfbuzz.so.0.60830.0
782912803000-782912804000 r--p 0010b000 103:02 19148213                  /usr/lib/x86_64-linux-gnu/libharfbuzz.so.0.60830.0
782912804000-782912805000 rw-p 0010c000 103:02 19148213                  /usr/lib/x86_64-linux-gnu/libharfbuzz.so.0.60830.0
782912805000-782912807000 r--p 00000000 103:02 19148526                  /usr/lib/x86_64-linux-gnu/libthai.so.0.3.1
782912807000-78291280b000 r-xp 00002000 103:02 19148526                  /usr/lib/x86_64-linux-gnu/libthai.so.0.3.1
78291280b000-78291280e000 r--p 00006000 103:02 19148526                  /usr/lib/x86_64-linux-gnu/libthai.so.0.3.1
78291280e000-78291280f000 r--p 00008000 103:02 19148526                  /usr/lib/x86_64-linux-gnu/libthai.so.0.3.1
78291280f000-782912810000 rw-p 00009000 103:02 19148526                  /usr/lib/x86_64-linux-gnu/libthai.so.0.3.1
782912810000-78291281a000 r--p 00000000 103:02 19148415                  /usr/lib/x86_64-linux-gnu/libpixman-1.so.0.42.2
78291281a000-7829128a7000 r-xp 0000a000 103:02 19148415                  /usr/lib/x86_64-linux-gnu/libpixman-1.so.0.42.2
7829128a7000-7829128b6000 r--p 00097000 103:02 19148415                  /usr/lib/x86_64-linux-gnu/libpixman-1.so.0.42.2
7829128b6000-7829128be000 r--p 000a5000 103:02 19148415                  /usr/lib/x86_64-linux-gnu/libpixman-1.so.0.42.2
7829128be000-7829128bf000 rw-p 000ad000 103:02 19148415                  /usr/lib/x86_64-linux-gnu/libpixman-1.so.0.42.2
7829128bf000-7829128c0000 r--p 00000000 103:02 19148623                  /usr/lib/x86_64-linux-gnu/libxcb-shm.so.0.0.0
7829128c0000-7829128c1000 r-xp 00001000 103:02 19148623                  /usr/lib/x86_64-linux-gnu/libxcb-shm.so.0.0.0
7829128c1000-7829128c2000 r--p 00002000 103:02 19148623                  /usr/lib/x86_64-linux-gnu/libxcb-shm.so.0.0.0
7829128c2000-7829128c3000 r--p 00002000 103:02 19148623                  /usr/lib/x86_64-linux-gnu/libxcb-shm.so.0.0.0
7829128c3000-7829128c4000 rw-p 00003000 103:02 19148623                  /usr/lib/x86_64-linux-gnu/libxcb-shm.so.0.0.0
7829128c4000-7829128c9000 r--p 00000000 103:02 19148620                  /usr/lib/x86_64-linux-gnu/libxcb-render.so.0.0.0
7829128c9000-7829128ce000 r-xp 00005000 103:02 19148620                  /usr/lib/x86_64-linux-gnu/libxcb-render.so.0.0.0
7829128ce000-7829128d1000 r--p 0000a000 103:02 19148620                  /usr/lib/x86_64-linux-gnu/libxcb-render.so.0.0.0
7829128d1000-7829128d2000 r--p 0000c000 103:02 19148620                  /usr/lib/x86_64-linux-gnu/libxcb-render.so.0.0.0
7829128d2000-7829128d3000 rw-p 0000d000 103:02 19148620                  /usr/lib/x86_64-linux-gnu/libxcb-render.so.0.0.0
7829128d3000-7829128de000 r--p 00000000 103:02 19148629                  /usr/lib/x86_64-linux-gnu/libxcb.so.1.1.0
7829128de000-7829128f1000 r-xp 0000b000 103:02 19148629                  /usr/lib/x86_64-linux-gnu/libxcb.so.1.1.0
7829128f1000-7829128fa000 r--p 0001e000 103:02 19148629                  /usr/lib/x86_64-linux-gnu/libxcb.so.1.1.0
7829128fa000-7829128fb000 r--p 00026000 103:02 19148629                  /usr/lib/x86_64-linux-gnu/libxcb.so.1.1.0
7829128fb000-7829128fc000 rw-p 00027000 103:02 19148629                  /usr/lib/x86_64-linux-gnu/libxcb.so.1.1.0
7829128fc000-7829128fe000 r--p 00000000 103:02 19147850                  /usr/lib/x86_64-linux-gnu/libXrender.so.1.3.0
7829128fe000-782912905000 r-xp 00002000 103:02 19147850                  /usr/lib/x86_64-linux-gnu/libXrender.so.1.3.0
782912905000-782912906000 r--p 00009000 103:02 19147850                  /usr/lib/x86_64-linux-gnu/libXrender.so.1.3.0
782912906000-782912907000 r--p 00009000 103:02 19147850                  /usr/lib/x86_64-linux-gnu/libXrender.so.1.3.0
782912907000-782912908000 rw-p 0000a000 103:02 19147850                  /usr/lib/x86_64-linux-gnu/libXrender.so.1.3.0
782912908000-782912915000 r--p 00000000 103:02 19146714                  /usr/lib/x86_64-linux-gnu/libfreetype.so.6.20.1
782912915000-7829129a6000 r-xp 0000d000 103:02 19146714                  /usr/lib/x86_64-linux-gnu/libfreetype.so.6.20.1
7829129a6000-7829129cc000 r--p 0009e000 103:02 19146714                  /usr/lib/x86_64-linux-gnu/libfreetype.so.6.20.1
7829129cc000-7829129d3000 r--p 000c4000 103:02 19146714                  /usr/lib/x86_64-linux-gnu/libfreetype.so.6.20.1
7829129d3000-7829129d4000 rw-p 000cb000 103:02 19146714                  /usr/lib/x86_64-linux-gnu/libfreetype.so.6.20.1
7829129d4000-7829129d6000 r--p 00000000 103:02 19146225                  /usr/lib/x86_64-linux-gnu/libz.so.1.3
7829129d6000-7829129e8000 r-xp 00002000 103:02 19146225                  /usr/lib/x86_64-linux-gnu/libz.so.1.3
7829129e8000-7829129ee000 r--p 00014000 103:02 19146225                  /usr/lib/x86_64-linux-gnu/libz.so.1.3
7829129ee000-7829129ef000 r--p 0001a000 103:02 19146225                  /usr/lib/x86_64-linux-gnu/libz.so.1.3
7829129ef000-7829129f0000 rw-p 0001b000 103:02 19146225                  /usr/lib/x86_64-linux-gnu/libz.so.1.3
7829129f0000-7829129f2000 r--p 00000000 103:02 19148406                  /usr/lib/x86_64-linux-gnu/libpcre2-8.so.0.11.2
7829129f2000-782912a60000 r-xp 00002000 103:02 19148406                  /usr/lib/x86_64-linux-gnu/libpcre2-8.so.0.11.2
782912a60000-782912a88000 r--p 00070000 103:02 19148406                  /usr/lib/x86_64-linux-gnu/libpcre2-8.so.0.11.2
782912a88000-782912a89000 r--p 00097000 103:02 19148406                  /usr/lib/x86_64-linux-gnu/libpcre2-8.so.0.11.2
782912a89000-782912a8a000 rw-p 00098000 103:02 19148406                  /usr/lib/x86_64-linux-gnu/libpcre2-8.so.0.11.2
782912a8a000-782912a8c000 r--p 00000000 103:02 19148089                  /usr/lib/x86_64-linux-gnu/libffi.so.8.1.4
782912a8c000-782912a93000 r-xp 00002000 103:02 19148089                  /usr/lib/x86_64-linux-gnu/libffi.so.8.1.4
782912a93000-782912a94000 r--p 00009000 103:02 19148089                  /usr/lib/x86_64-linux-gnu/libffi.so.8.1.4
782912a94000-782912a95000 r--p 0000a000 103:02 19148089                  /usr/lib/x86_64-linux-gnu/libffi.so.8.1.4
782912a95000-782912a96000 rw-p 0000b000 103:02 19148089                  /usr/lib/x86_64-linux-gnu/libffi.so.8.1.4
782912a96000-782912a9a000 r--p 00000000 103:02 19148263                  /usr/lib/x86_64-linux-gnu/libjpeg.so.8.2.2
782912a9a000-782912ae7000 r-xp 00004000 103:02 19148263                  /usr/lib/x86_64-linux-gnu/libjpeg.so.8.2.2
782912ae7000-782912b17000 r--p 00051000 103:02 19148263                  /usr/lib/x86_64-linux-gnu/libjpeg.so.8.2.2
782912b17000-782912b18000 r--p 00081000 103:02 19148263                  /usr/lib/x86_64-linux-gnu/libjpeg.so.8.2.2
782912b18000-782912b19000 rw-p 00082000 103:02 19148263                  /usr/lib/x86_64-linux-gnu/libjpeg.so.8.2.2
782912b19000-782912b1e000 r--p 00000000 103:02 19146965                  /usr/lib/x86_64-linux-gnu/libpng16.so.16.43.0
782912b1e000-782912b46000 r-xp 00005000 103:02 19146965                  /usr/lib/x86_64-linux-gnu/libpng16.so.16.43.0
782912b46000-782912b4f000 r--p 0002d000 103:02 19146965                  /usr/lib/x86_64-linux-gnu/libpng16.so.16.43.0
782912b4f000-782912b50000 r--p 00035000 103:02 19146965                  /usr/lib/x86_64-linux-gnu/libpng16.so.16.43.0
782912b50000-782912b51000 rw-p 00036000 103:02 19146965                  /usr/lib/x86_64-linux-gnu/libpng16.so.16.43.0
782912b51000-782912b53000 r--p 00000000 103:02 19139946                  /usr/lib/x86_64-linux-gnu/libgmodule-2.0.so.0.8000.0
782912b53000-782912b55000 r-xp 00002000 103:02 19139946                  /usr/lib/x86_64-linux-gnu/libgmodule-2.0.so.0.8000.0
782912b55000-782912b56000 r--p 00004000 103:02 19139946                  /usr/lib/x86_64-linux-gnu/libgmodule-2.0.so.0.8000.0
782912b56000-782912b57000 r--p 00004000 103:02 19139946                  /usr/lib/x86_64-linux-gnu/libgmodule-2.0.so.0.8000.0
782912b57000-782912b58000 rw-p 00005000 103:02 19139946                  /usr/lib/x86_64-linux-gnu/libgmodule-2.0.so.0.8000.0
782912b58000-782912b59000 r--p 00000000 103:02 19147845                  /usr/lib/x86_64-linux-gnu/libXinerama.so.1.0.0
782912b59000-782912b5a000 r-xp 00001000 103:02 19147845                  /usr/lib/x86_64-linux-gnu/libXinerama.so.1.0.0
782912b5a000-782912b5b000 r--p 00002000 103:02 19147845                  /usr/lib/x86_64-linux-gnu/libXinerama.so.1.0.0
782912b5b000-782912b5c000 r--p 00002000 103:02 19147845                  /usr/lib/x86_64-linux-gnu/libXinerama.so.1.0.0
782912b5c000-782912b5d000 rw-p 00003000 103:02 19147845                  /usr/lib/x86_64-linux-gnu/libXinerama.so.1.0.0
782912b5d000-782912b5f000 r--p 00000000 103:02 19147849                  /usr/lib/x86_64-linux-gnu/libXrandr.so.2.2.0
782912b5f000-782912b66000 r-xp 00002000 103:02 19147849                  /usr/lib/x86_64-linux-gnu/libXrandr.so.2.2.0
782912b66000-782912b68000 r--p 00009000 103:02 19147849                  /usr/lib/x86_64-linux-gnu/libXrandr.so.2.2.0
782912b68000-782912b69000 r--p 0000a000 103:02 19147849                  /usr/lib/x86_64-linux-gnu/libXrandr.so.2.2.0
782912b69000-782912b6a000 rw-p 0000b000 103:02 19147849                  /usr/lib/x86_64-linux-gnu/libXrandr.so.2.2.0
782912b6a000-782912b6b000 r--p 00000000 103:02 19147836                  /usr/lib/x86_64-linux-gnu/libXcomposite.so.1.0.0
782912b6b000-782912b6c000 r-xp 00001000 103:02 19147836                  /usr/lib/x86_64-linux-gnu/libXcomposite.so.1.0.0
782912b6c000-782912b6d000 r--p 00002000 103:02 19147836                  /usr/lib/x86_64-linux-gnu/libXcomposite.so.1.0.0
782912b6d000-782912b6e000 r--p 00002000 103:02 19147836                  /usr/lib/x86_64-linux-gnu/libXcomposite.so.1.0.0
782912b6e000-782912b6f000 rw-p 00003000 103:02 19147836                  /usr/lib/x86_64-linux-gnu/libXcomposite.so.1.0.0
782912b6f000-782912b71000 r--p 00000000 103:02 19147841                  /usr/lib/x86_64-linux-gnu/libXfixes.so.3.1.0
782912b71000-782912b74000 r-xp 00002000 103:02 19147841                  /usr/lib/x86_64-linux-gnu/libXfixes.so.3.1.0
782912b74000-782912b75000 r--p 00005000 103:02 19147841                  /usr/lib/x86_64-linux-gnu/libXfixes.so.3.1.0
782912b75000-782912b76000 r--p 00005000 103:02 19147841                  /usr/lib/x86_64-linux-gnu/libXfixes.so.3.1.0
782912b76000-782912b77000 rw-p 00006000 103:02 19147841                  /usr/lib/x86_64-linux-gnu/libXfixes.so.3.1.0
782912b77000-782912b7b000 r--p 00000000 103:02 19147840                  /usr/lib/x86_64-linux-gnu/libXext.so.6.4.0
782912b7b000-782912b86000 r-xp 00004000 103:02 19147840                  /usr/lib/x86_64-linux-gnu/libXext.so.6.4.0
782912b86000-782912b89000 r--p 0000f000 103:02 19147840                  /usr/lib/x86_64-linux-gnu/libXext.so.6.4.0
782912b89000-782912b8a000 r--p 00011000 103:02 19147840                  /usr/lib/x86_64-linux-gnu/libXext.so.6.4.0
782912b8a000-782912b8b000 rw-p 00012000 103:02 19147840                  /usr/lib/x86_64-linux-gnu/libXext.so.6.4.0
782912b8b000-782912b8e000 r--p 00000000 103:02 19147844                  /usr/lib/x86_64-linux-gnu/libXi.so.6.1.0
782912b8e000-782912b9a000 r-xp 00003000 103:02 19147844                  /usr/lib/x86_64-linux-gnu/libXi.so.6.1.0
782912b9a000-782912b9c000 r--p 0000f000 103:02 19147844                  /usr/lib/x86_64-linux-gnu/libXi.so.6.1.0
782912b9c000-782912b9d000 r--p 00011000 103:02 19147844                  /usr/lib/x86_64-linux-gnu/libXi.so.6.1.0
782912b9d000-782912b9e000 rw-p 00012000 103:02 19147844                  /usr/lib/x86_64-linux-gnu/libXi.so.6.1.0
782912b9e000-782912bb7000 r--p 00000000 103:02 19147832                  /usr/lib/x86_64-linux-gnu/libX11.so.6.4.0
782912bb7000-782912c47000 r-xp 00019000 103:02 19147832                  /usr/lib/x86_64-linux-gnu/libX11.so.6.4.0
782912c47000-782912cd6000 r--p 000a9000 103:02 19147832                  /usr/lib/x86_64-linux-gnu/libX11.so.6.4.0
782912cd6000-782912cd7000 r--p 00138000 103:02 19147832                  /usr/lib/x86_64-linux-gnu/libX11.so.6.4.0
782912cd7000-782912cdb000 rw-p 00139000 103:02 19147832                  /usr/lib/x86_64-linux-gnu/libX11.so.6.4.0
782912cdb000-782912ce0000 r--p 00000000 103:02 19148587                  /usr/lib/x86_64-linux-gnu/libwayland-client.so.0.22.0
782912ce0000-782912ce6000 r-xp 00005000 103:02 19148587                  /usr/lib/x86_64-linux-gnu/libwayland-client.so.0.22.0
782912ce6000-782912ce8000 r--p 0000b000 103:02 19148587                  /usr/lib/x86_64-linux-gnu/libwayland-client.so.0.22.0
782912ce8000-782912cea000 r--p 0000d000 103:02 19148587                  /usr/lib/x86_64-linux-gnu/libwayland-client.so.0.22.0
782912cea000-782912ceb000 rw-p 0000f000 103:02 19148587                  /usr/lib/x86_64-linux-gnu/libwayland-client.so.0.22.0
782912ceb000-782912cf0000 r--p 00000000 103:02 19148632                  /usr/lib/x86_64-linux-gnu/libxkbcommon.so.0.0.0
782912cf0000-782912d10000 r-xp 00005000 103:02 19148632                  /usr/lib/x86_64-linux-gnu/libxkbcommon.so.0.0.0
782912d10000-782912d31000 r--p 00025000 103:02 19148632                  /usr/lib/x86_64-linux-gnu/libxkbcommon.so.0.0.0
782912d31000-782912d33000 r--p 00045000 103:02 19148632                  /usr/lib/x86_64-linux-gnu/libxkbcommon.so.0.0.0
782912d33000-782912d34000 rw-p 00047000 103:02 19148632                  /usr/lib/x86_64-linux-gnu/libxkbcommon.so.0.0.0
782912d34000-782912d6d000 r--p 00000000 103:02 19139944                  /usr/lib/x86_64-linux-gnu/libgio-2.0.so.0.8000.0
782912d6d000-782912e84000 r-xp 00039000 103:02 19139944                  /usr/lib/x86_64-linux-gnu/libgio-2.0.so.0.8000.0
782912e84000-782912ef9000 r--p 00150000 103:02 19139944                  /usr/lib/x86_64-linux-gnu/libgio-2.0.so.0.8000.0
782912ef9000-782912f01000 r--p 001c4000 103:02 19139944                  /usr/lib/x86_64-linux-gnu/libgio-2.0.so.0.8000.0
782912f01000-782912f02000 rw-p 001cc000 103:02 19139944                  /usr/lib/x86_64-linux-gnu/libgio-2.0.so.0.8000.0
782912f02000-782912f04000 rw-p 00000000 00:00 0 
782912f04000-782912f0c000 r--p 00000000 103:02 19148095                  /usr/lib/x86_64-linux-gnu/libfontconfig.so.1.12.1
782912f0c000-782912f3b000 r-xp 00008000 103:02 19148095                  /usr/lib/x86_64-linux-gnu/libfontconfig.so.1.12.1
782912f3b000-782912f52000 r--p 00037000 103:02 19148095                  /usr/lib/x86_64-linux-gnu/libfontconfig.so.1.12.1
782912f52000-782912f54000 r--p 0004d000 103:02 19148095                  /usr/lib/x86_64-linux-gnu/libfontconfig.so.1.12.1
782912f54000-782912f55000 rw-p 0004f000 103:02 19148095                  /usr/lib/x86_64-linux-gnu/libfontconfig.so.1.12.1
782912f55000-782912fb5000 r--p 00000000 103:02 19148074                  /usr/lib/x86_64-linux-gnu/libepoxy.so.0.0.0
782912fb5000-78291301b000 r-xp 00060000 103:02 19148074                  /usr/lib/x86_64-linux-gnu/libepoxy.so.0.0.0
78291301b000-782913069000 r--p 000c6000 103:02 19148074                  /usr/lib/x86_64-linux-gnu/libepoxy.so.0.0.0
782913069000-782913071000 r--p 00113000 103:02 19148074                  /usr/lib/x86_64-linux-gnu/libepoxy.so.0.0.0
782913071000-782913078000 rw-p 0011b000 103:02 19148074                  /usr/lib/x86_64-linux-gnu/libepoxy.so.0.0.0
782913078000-78291308c000 r--p 00000000 103:02 19147990                  /usr/lib/x86_64-linux-gnu/libcairo.so.2.11800.0
78291308c000-78291317d000 r-xp 00014000 103:02 19147990                  /usr/lib/x86_64-linux-gnu/libcairo.so.2.11800.0
78291317d000-7829131b5000 r--p 00105000 103:02 19147990                  /usr/lib/x86_64-linux-gnu/libcairo.so.2.11800.0
7829131b5000-7829131b9000 r--p 0013d000 103:02 19147990                  /usr/lib/x86_64-linux-gnu/libcairo.so.2.11800.0
7829131b9000-7829131bb000 rw-p 00141000 103:02 19147990                  /usr/lib/x86_64-linux-gnu/libcairo.so.2.11800.0
7829131bb000-7829131bc000 rw-p 00000000 00:00 0 
7829131bc000-7829131da000 r--p 00000000 103:02 19139945                  /usr/lib/x86_64-linux-gnu/libglib-2.0.so.0.8000.0
7829131da000-78291327a000 r-xp 0001e000 103:02 19139945                  /usr/lib/x86_64-linux-gnu/libglib-2.0.so.0.8000.0
78291327a000-782913302000 r--p 000be000 103:02 19139945                  /usr/lib/x86_64-linux-gnu/libglib-2.0.so.0.8000.0
782913302000-782913303000 r--p 00146000 103:02 19139945                  /usr/lib/x86_64-linux-gnu/libglib-2.0.so.0.8000.0
782913303000-782913304000 rw-p 00147000 103:02 19139945                  /usr/lib/x86_64-linux-gnu/libglib-2.0.so.0.8000.0
782913304000-782913305000 rw-p 00000000 00:00 0 
782913305000-78291332f000 r--p 00000000 103:02 19148129                  /usr/lib/x86_64-linux-gnu/libgdk-3.so.0.2409.32
78291332f000-7829133b3000 r-xp 0002a000 103:02 19148129                  /usr/lib/x86_64-linux-gnu/libgdk-3.so.0.2409.32
7829133b3000-7829133f5000 r--p 000ae000 103:02 19148129                  /usr/lib/x86_64-linux-gnu/libgdk-3.so.0.2409.32
7829133f5000-7829133fe000 r--p 000ef000 103:02 19148129                  /usr/lib/x86_64-linux-gnu/libgdk-3.so.0.2409.32
7829133fe000-782913400000 rw-p 000f8000 103:02 19148129                  /usr/lib/x86_64-linux-gnu/libgdk-3.so.0.2409.32
782913400000-782913404000 ---p 00000000 00:00 0 
782913404000-782913500000 rw-p 00000000 00:00 0 
782913500000-782913504000 ---p 00000000 00:00 0 
782913504000-782913600000 rw-p 00000000 00:00 0 
782913600000-782913604000 ---p 00000000 00:00 0 
782913604000-782913700000 rw-p 00000000 00:00 0 
782913700000-782913704000 ---p 00000000 00:00 0 
782913704000-782913800000 rw-p 00000000 00:00 0 
782913800000-782913804000 ---p 00000000 00:00 0 
782913804000-782913900000 rw-p 00000000 00:00 0 
782913900000-782913904000 ---p 00000000 00:00 0 
782913904000-782913a00000 rw-p 00000000 00:00 0 
782913a00000-782913f75000 r--p 00000000 103:02 19136592                  /usr/lib/locale/locale-archive
782913f78000-782913f7a000 r--p 00000000 103:02 19147837                  /usr/lib/x86_64-linux-gnu/libXcursor.so.1.0.2
782913f7a000-782913f80000 r-xp 00002000 103:02 19147837                  /usr/lib/x86_64-linux-gnu/libXcursor.so.1.0.2
782913f80000-782913f82000 r--p 00008000 103:02 19147837                  /usr/lib/x86_64-linux-gnu/libXcursor.so.1.0.2
782913f82000-782913f83000 r--p 00009000 103:02 19147837                  /usr/lib/x86_64-linux-gnu/libXcursor.so.1.0.2
782913f83000-782913f84000 rw-p 0000a000 103:02 19147837                  /usr/lib/x86_64-linux-gnu/libXcursor.so.1.0.2
782913f84000-782913f89000 r--p 00000000 103:02 19148393                  /usr/lib/x86_64-linux-gnu/libpangocairo-1.0.so.0.5200.1
782913f89000-782913f91000 r-xp 00005000 103:02 19148393                  /usr/lib/x86_64-linux-gnu/libpangocairo-1.0.so.0.5200.1
782913f91000-782913f93000 r--p 0000d000 103:02 19148393                  /usr/lib/x86_64-linux-gnu/libpangocairo-1.0.so.0.5200.1
782913f93000-782913f94000 r--p 0000f000 103:02 19148393                  /usr/lib/x86_64-linux-gnu/libpangocairo-1.0.so.0.5200.1
782913f94000-782913f95000 rw-p 00010000 103:02 19148393                  /usr/lib/x86_64-linux-gnu/libpangocairo-1.0.so.0.5200.1
782913f95000-782913fa8000 r--p 00000000 103:02 19148392                  /usr/lib/x86_64-linux-gnu/libpango-1.0.so.0.5200.1
782913fa8000-782913fe1000 r-xp 00013000 103:02 19148392                  /usr/lib/x86_64-linux-gnu/libpango-1.0.so.0.5200.1
782913fe1000-782913ffb000 r--p 0004c000 103:02 19148392                  /usr/lib/x86_64-linux-gnu/libpango-1.0.so.0.5200.1
782913ffb000-782913fff000 r--p 00065000 103:02 19148392                  /usr/lib/x86_64-linux-gnu/libpango-1.0.so.0.5200.1
782913fff000-782914000000 rw-p 00069000 103:02 19148392                  /usr/lib/x86_64-linux-gnu/libpango-1.0.so.0.5200.1
782914000000-782914500000 rw-p 00000000 00:00 0 
782914500000-782914520000 rw-p 00000000 00:00 0 
782914520000-782914540000 rw-p 00000000 00:00 0 
782914540000-782914580000 rw-p 00000000 00:00 0 
782914580000-782914700000 rw-p 00000000 00:00 0 
782914700000-782914720000 rw-p 00000000 00:00 0 
782914720000-782914740000 rw-p 00000000 00:00 0 
782914740000-782914780000 rw-p 00000000 00:00 0 
782914780000-782914900000 rw-p 00000000 00:00 0 
782914900000-782914920000 rw-p 00000000 00:00 0 
782914920000-782914940000 rw-p 00000000 00:00 0 
782914940000-782914980000 rw-p 00000000 00:00 0 
782914980000-782914b00000 rw-p 00000000 00:00 0 
782914b00000-782914b80000 rw-p 00000000 00:00 0 
782914b80000-782914c00000 rw-p 00000000 00:00 0 
782914c00000-782914d80000 rw-p 00000000 00:00 0 
782914d80000-782914e00000 rw-p 00000000 00:00 0 
782914e00000-782914f00000 rw-p 00000000 00:00 0 
782914f00000-782915000000 rw-p 00000000 00:00 0 
782915000000-782915100000 rw-p 00000000 00:00 0 
782915100000-782915200000 rw-p 00000000 00:00 0 
782915200000-7829153e0000 rw-p 00000000 00:00 0 
7829153e0000-782915500000 rw-p 00000000 00:00 0 
782915500000-782915600000 rw-p 00000000 00:00 0 
782915600000-782915900000 rw-p 00000000 00:00 0 
782915900000-782915b00000 rw-p 00000000 00:00 0 
782915b00000-782915c00000 rw-p 00000000 00:00 0 
782915c00000-782916300000 rw-p 00000000 00:00 0 
782916300000-782916400000 rw-p 00000000 00:00 0 
782916400000-782916d80000 rw-p 00000000 00:00 0 
782916d80000-782916db0000 rw-p 00000000 00:00 0 
782916db0000-782916e00000 ---p 00000000 00:00 0 
782916e00000-782917050000 rw-p 00000000 00:00 0 
782917050000-782918000000 ---p 00000000 00:00 0 
782918000000-782918021000 rw-p 00000000 00:00 0 
782918021000-78291c000000 ---p 00000000 00:00 0 
78291c000000-78291c02e000 rw-p 00000000 00:00 0 
78291c02e000-782920000000 ---p 00000000 00:00 0 
782920000000-782920021000 rw-p 00000000 00:00 0 
782920021000-782924000000 ---p 00000000 00:00 0 
782924000000-782924021000 rw-p 00000000 00:00 0 
782924021000-782928000000 ---p 00000000 00:00 0 
782928000000-782928021000 rw-p 00000000 00:00 0 
782928021000-78292c000000 ---p 00000000 00:00 0 
78292c000000-78292c021000 rw-p 00000000 00:00 0 
78292c021000-782930000000 ---p 00000000 00:00 0 
782930000000-782930021000 rw-p 00000000 00:00 0 
782930021000-782934000000 ---p 00000000 00:00 0 
782934003000-782934005000 r--p 00000000 103:02 19148109                  /usr/lib/x86_64-linux-gnu/libfribidi.so.0.4.0
782934005000-782934009000 r-xp 00002000 103:02 19148109                  /usr/lib/x86_64-linux-gnu/libfribidi.so.0.4.0
782934009000-78293401f000 r--p 00006000 103:02 19148109                  /usr/lib/x86_64-linux-gnu/libfribidi.so.0.4.0
78293401f000-782934020000 r--p 0001c000 103:02 19148109                  /usr/lib/x86_64-linux-gnu/libfribidi.so.0.4.0
782934020000-782934021000 rw-p 0001d000 103:02 19148109                  /usr/lib/x86_64-linux-gnu/libfribidi.so.0.4.0
782934021000-782934030000 r--p 00000000 103:02 19139967                  /usr/lib/x86_64-linux-gnu/libgobject-2.0.so.0.8000.0
782934030000-782934067000 r-xp 0000f000 103:02 19139967                  /usr/lib/x86_64-linux-gnu/libgobject-2.0.so.0.8000.0
782934067000-782934080000 r--p 00046000 103:02 19139967                  /usr/lib/x86_64-linux-gnu/libgobject-2.0.so.0.8000.0
782934080000-782934083000 r--p 0005e000 103:02 19139967                  /usr/lib/x86_64-linux-gnu/libgobject-2.0.so.0.8000.0
782934083000-782934084000 rw-p 00061000 103:02 19139967                  /usr/lib/x86_64-linux-gnu/libgobject-2.0.so.0.8000.0
782934084000-78293408c000 r--p 00000000 103:02 19158623                  /usr/lib/x86_64-linux-gnu/libgdk_pixbuf-2.0.so.0.4200.10
78293408c000-7829340a7000 r-xp 00008000 103:02 19158623                  /usr/lib/x86_64-linux-gnu/libgdk_pixbuf-2.0.so.0.4200.10
7829340a7000-7829340b0000 r--p 00023000 103:02 19158623                  /usr/lib/x86_64-linux-gnu/libgdk_pixbuf-2.0.so.0.4200.10
7829340b0000-7829340b1000 r--p 0002c000 103:02 19158623                  /usr/lib/x86_64-linux-gnu/libgdk_pixbuf-2.0.so.0.4200.10
7829340b1000-7829340b2000 rw-p 0002d000 103:02 19158623                  /usr/lib/x86_64-linux-gnu/libgdk_pixbuf-2.0.so.0.4200.10
7829340b2000-7829340b3000 r--p 00000000 07:16 1852                       /snap/dbeaver-ce/549/usr/share/dbeaver-ce/jre/lib/libsimdsort.so
7829340b3000-7829340ec000 r-xp 00001000 07:16 1852                       /snap/dbeaver-ce/549/usr/share/dbeaver-ce/jre/lib/libsimdsort.so
7829340ec000-7829340f2000 r--p 0003a000 07:16 1852                       /snap/dbeaver-ce/549/usr/share/dbeaver-ce/jre/lib/libsimdsort.so
7829340f2000-7829340f3000 r--p 0003f000 07:16 1852                       /snap/dbeaver-ce/549/usr/share/dbeaver-ce/jre/lib/libsimdsort.so
7829340f3000-7829340f4000 rw-p 00040000 07:16 1852                       /snap/dbeaver-ce/549/usr/share/dbeaver-ce/jre/lib/libsimdsort.so
7829340f4000-7829340f8000 ---p 00000000 00:00 0 
7829340f8000-7829341f4000 rw-p 00000000 00:00 0 
7829341f4000-7829341f8000 ---p 00000000 00:00 0 
7829341f8000-7829342f4000 rw-p 00000000 00:00 0 
7829342f4000-7829342f8000 ---p 00000000 00:00 0 
7829342f8000-7829343f4000 rw-p 00000000 00:00 0 
7829343f4000-7829343f5000 ---p 00000000 00:00 0 
7829343f5000-7829344f5000 rw-p 00000000 00:00 0 
7829344f5000-7829344f6000 ---p 00000000 00:00 0 
7829344f6000-7829345f6000 rw-p 00000000 00:00 0 
7829345f6000-7829345f7000 ---p 00000000 00:00 0 
7829345f7000-7829346f7000 rw-p 00000000 00:00 0 
7829346f7000-7829346f8000 ---p 00000000 00:00 0 
7829346f8000-7829347f8000 rw-p 00000000 00:00 0 
7829347f8000-782937000000 rw-p 00000000 00:00 0 
782937003000-782937004000 r--p 00000000 103:02 19147838                  /usr/lib/x86_64-linux-gnu/libXdamage.so.1.1.0
782937004000-782937005000 r-xp 00001000 103:02 19147838                  /usr/lib/x86_64-linux-gnu/libXdamage.so.1.1.0
782937005000-782937006000 r--p 00002000 103:02 19147838                  /usr/lib/x86_64-linux-gnu/libXdamage.so.1.1.0
782937006000-782937007000 r--p 00002000 103:02 19147838                  /usr/lib/x86_64-linux-gnu/libXdamage.so.1.1.0
782937007000-782937008000 rw-p 00003000 103:02 19147838                  /usr/lib/x86_64-linux-gnu/libXdamage.so.1.1.0
782937008000-782937009000 r--p 00000000 103:02 19148589                  /usr/lib/x86_64-linux-gnu/libwayland-egl.so.1.22.0
782937009000-78293700a000 r-xp 00001000 103:02 19148589                  /usr/lib/x86_64-linux-gnu/libwayland-egl.so.1.22.0
78293700a000-78293700b000 r--p 00002000 103:02 19148589                  /usr/lib/x86_64-linux-gnu/libwayland-egl.so.1.22.0
78293700b000-78293700c000 r--p 00002000 103:02 19148589                  /usr/lib/x86_64-linux-gnu/libwayland-egl.so.1.22.0
78293700c000-78293700d000 rw-p 00003000 103:02 19148589                  /usr/lib/x86_64-linux-gnu/libwayland-egl.so.1.22.0
78293700d000-782937011000 r--p 00000000 07:16 2154                       /snap/dbeaver-ce/549/usr/share/dbeaver-ce/plugins/org.eclipse.equinox.launcher.gtk.linux.x86_64_1.2.1500.v20250801-0854/eclipse_11916.so
782937011000-78293701b000 r-xp 00004000 07:16 2154                       /snap/dbeaver-ce/549/usr/share/dbeaver-ce/plugins/org.eclipse.equinox.launcher.gtk.linux.x86_64_1.2.1500.v20250801-0854/eclipse_11916.so
78293701b000-78293701e000 r--p 0000e000 07:16 2154                       /snap/dbeaver-ce/549/usr/share/dbeaver-ce/plugins/org.eclipse.equinox.launcher.gtk.linux.x86_64_1.2.1500.v20250801-0854/eclipse_11916.so
78293701e000-78293701f000 r--p 00010000 07:16 2154                       /snap/dbeaver-ce/549/usr/share/dbeaver-ce/plugins/org.eclipse.equinox.launcher.gtk.linux.x86_64_1.2.1500.v20250801-0854/eclipse_11916.so
78293701f000-782937020000 rw-p 00011000 07:16 2154                       /snap/dbeaver-ce/549/usr/share/dbeaver-ce/plugins/org.eclipse.equinox.launcher.gtk.linux.x86_64_1.2.1500.v20250801-0854/eclipse_11916.so
782937020000-7829370fd000 rw-p 00000000 00:00 0 
7829370fd000-7829370fe000 ---p 00000000 00:00 0 
7829370fe000-7829371fe000 rw-p 00000000 00:00 0 
7829371fe000-7829371ff000 ---p 00000000 00:00 0 
7829371ff000-7829372ff000 rw-p 00000000 00:00 0 
7829372ff000-782937300000 ---p 00000000 00:00 0 
782937300000-782937400000 rw-p 00000000 00:00 0 
782937400000-7829375d4000 rw-p 00000000 00:00 0 
7829375d4000-782937614000 ---p 00000000 00:00 0 
782937614000-78293763c000 rw-p 00000000 00:00 0 
78293763c000-78293773c000 ---p 00000000 00:00 0 
78293773c000-782937748000 rw-p 00000000 00:00 0 
782937748000-782938400000 ---p 00000000 00:00 0 
782938400000-78293843b000 rw-p 00000000 00:00 0 
78293843b000-782938442000 ---p 00000000 00:00 0 
782938442000-782938448000 rw-p 00000000 00:00 0 
782938448000-782938467000 ---p 00000000 00:00 0 
782938467000-782938469000 rw-p 00000000 00:00 0 
782938469000-782938600000 ---p 00000000 00:00 0 
782938600000-78293863b000 rw-p 00000000 00:00 0 
78293863b000-782938642000 ---p 00000000 00:00 0 
782938642000-782938648000 rw-p 00000000 00:00 0 
782938648000-782938667000 ---p 00000000 00:00 0 
782938667000-782938669000 rw-p 00000000 00:00 0 
782938669000-782938800000 ---p 00000000 00:00 0 
782938803000-782938805000 r--p 00000000 103:02 19148588                  /usr/lib/x86_64-linux-gnu/libwayland-cursor.so.0.22.0
782938805000-782938807000 r-xp 00002000 103:02 19148588                  /usr/lib/x86_64-linux-gnu/libwayland-cursor.so.0.22.0
782938807000-782938808000 r--p 00004000 103:02 19148588                  /usr/lib/x86_64-linux-gnu/libwayland-cursor.so.0.22.0
782938808000-782938809000 r--p 00004000 103:02 19148588                  /usr/lib/x86_64-linux-gnu/libwayland-cursor.so.0.22.0
782938809000-78293880d000 rw-p 00005000 103:02 19148588                  /usr/lib/x86_64-linux-gnu/libwayland-cursor.so.0.22.0
78293880d000-782938e97000 rw-p 00000000 00:00 0 
782938e97000-7829397d7000 rwxp 00000000 00:00 0 
7829397d7000-7829403cf000 ---p 00000000 00:00 0 
7829403cf000-78294063f000 rwxp 00000000 00:00 0 
78294063f000-782940961000 ---p 00000000 00:00 0 
782940961000-782940c51000 rwxp 00000000 00:00 0 
782940c51000-782947e99000 ---p 00000000 00:00 0 
782947e99000-78294c000000 r--s 00000000 07:16 1857                       /snap/dbeaver-ce/549/usr/share/dbeaver-ce/jre/lib/modules
78294c000000-78294dc50000 rw-p 00000000 00:00 0 
78294dc50000-782950000000 ---p 00000000 00:00 0 
782950000000-782950003000 r--p 00000000 103:02 1109461                   /home/ducpv1/.config/dconf/user
782950003000-782950007000 r--p 00000000 103:02 19147988                  /usr/lib/x86_64-linux-gnu/libcairo-gobject.so.2.11800.0
782950007000-782950009000 r-xp 00004000 103:02 19147988                  /usr/lib/x86_64-linux-gnu/libcairo-gobject.so.2.11800.0
782950009000-78295000c000 r--p 00006000 103:02 19147988                  /usr/lib/x86_64-linux-gnu/libcairo-gobject.so.2.11800.0
78295000c000-78295000e000 r--p 00008000 103:02 19147988                  /usr/lib/x86_64-linux-gnu/libcairo-gobject.so.2.11800.0
78295000e000-78295000f000 rw-p 0000a000 103:02 19147988                  /usr/lib/x86_64-linux-gnu/libcairo-gobject.so.2.11800.0
78295000f000-782950011000 r--p 00000000 07:16 1856                       /snap/dbeaver-ce/549/usr/share/dbeaver-ce/jre/lib/libzip.so
782950011000-782950024000 r-xp 00002000 07:16 1856                       /snap/dbeaver-ce/549/usr/share/dbeaver-ce/jre/lib/libzip.so
782950024000-78295002b000 r--p 00015000 07:16 1856                       /snap/dbeaver-ce/549/usr/share/dbeaver-ce/jre/lib/libzip.so
78295002b000-78295002c000 r--p 0001c000 07:16 1856                       /snap/dbeaver-ce/549/usr/share/dbeaver-ce/jre/lib/libzip.so
78295002c000-78295002d000 rw-p 0001d000 07:16 1856                       /snap/dbeaver-ce/549/usr/share/dbeaver-ce/jre/lib/libzip.so
78295002d000-782950235000 rw-p 00000000 00:00 0 
782950235000-78295031a000 ---p 00000000 00:00 0 
78295031a000-78295032d000 rw-p 00000000 00:00 0 
78295032d000-782950405000 ---p 00000000 00:00 0 
782950405000-782950409000 ---p 00000000 00:00 0 
782950409000-782950505000 rw-p 00000000 00:00 0 
782950505000-782950515000 r--p 00000000 103:02 19163610                  /usr/lib/x86_64-linux-gnu/libm.so.6
782950515000-782950594000 r-xp 00010000 103:02 19163610                  /usr/lib/x86_64-linux-gnu/libm.so.6
782950594000-7829505ec000 r--p 0008f000 103:02 19163610                  /usr/lib/x86_64-linux-gnu/libm.so.6
7829505ec000-7829505ed000 r--p 000e7000 103:02 19163610                  /usr/lib/x86_64-linux-gnu/libm.so.6
7829505ed000-7829505ee000 rw-p 000e8000 103:02 19163610                  /usr/lib/x86_64-linux-gnu/libm.so.6
7829505ee000-7829508d1000 r--p 00000000 07:16 1866                       /snap/dbeaver-ce/549/usr/share/dbeaver-ce/jre/lib/server/libjvm.so
7829508d1000-78295195d000 r-xp 002e3000 07:16 1866                       /snap/dbeaver-ce/549/usr/share/dbeaver-ce/jre/lib/server/libjvm.so
78295195d000-782951c6e000 r--p 0136f000 07:16 1866                       /snap/dbeaver-ce/549/usr/share/dbeaver-ce/jre/lib/server/libjvm.so
782951c6e000-782951d59000 r--p 01680000 07:16 1866                       /snap/dbeaver-ce/549/usr/share/dbeaver-ce/jre/lib/server/libjvm.so
782951d59000-782951d84000 rw-p 0176b000 07:16 1866                       /snap/dbeaver-ce/549/usr/share/dbeaver-ce/jre/lib/server/libjvm.so
782951d84000-782951e00000 rw-p 00000000 00:00 0 
782951e00000-782951e28000 r--p 00000000 103:02 19163574                  /usr/lib/x86_64-linux-gnu/libc.so.6
782951e28000-782951fb1000 r-xp 00028000 103:02 19163574                  /usr/lib/x86_64-linux-gnu/libc.so.6
782951fb1000-782952000000 r--p 001b1000 103:02 19163574                  /usr/lib/x86_64-linux-gnu/libc.so.6
782952000000-782952004000 r--p 001ff000 103:02 19163574                  /usr/lib/x86_64-linux-gnu/libc.so.6
782952004000-782952006000 rw-p 00203000 103:02 19163574                  /usr/lib/x86_64-linux-gnu/libc.so.6
782952006000-782952013000 rw-p 00000000 00:00 0 
782952014000-782952018000 r--p 00000000 103:02 19149690                  /usr/lib/x86_64-linux-gnu/gio/modules/libdconfsettings.so
782952018000-78295201f000 r-xp 00004000 103:02 19149690                  /usr/lib/x86_64-linux-gnu/gio/modules/libdconfsettings.so
78295201f000-782952021000 r--p 0000b000 103:02 19149690                  /usr/lib/x86_64-linux-gnu/gio/modules/libdconfsettings.so
782952021000-782952022000 r--p 0000d000 103:02 19149690                  /usr/lib/x86_64-linux-gnu/gio/modules/libdconfsettings.so
782952022000-782952023000 rw-p 0000e000 103:02 19149690                  /usr/lib/x86_64-linux-gnu/gio/modules/libdconfsettings.so
782952023000-782952026000 r--p 00000000 07:16 1848                       /snap/dbeaver-ce/549/usr/share/dbeaver-ce/jre/lib/libnet.so
782952026000-78295202e000 r-xp 00003000 07:16 1848                       /snap/dbeaver-ce/549/usr/share/dbeaver-ce/jre/lib/libnet.so
78295202e000-782952030000 r--p 0000b000 07:16 1848                       /snap/dbeaver-ce/549/usr/share/dbeaver-ce/jre/lib/libnet.so
782952030000-782952031000 r--p 0000c000 07:16 1848                       /snap/dbeaver-ce/549/usr/share/dbeaver-ce/jre/lib/libnet.so
782952031000-782952032000 rw-p 0000d000 07:16 1848                       /snap/dbeaver-ce/549/usr/share/dbeaver-ce/jre/lib/libnet.so
782952032000-78295203a000 r--p 00000000 07:16 1849                       /snap/dbeaver-ce/549/usr/share/dbeaver-ce/jre/lib/libnio.so
78295203a000-782952043000 r-xp 00008000 07:16 1849                       /snap/dbeaver-ce/549/usr/share/dbeaver-ce/jre/lib/libnio.so
782952043000-782952047000 r--p 00011000 07:16 1849                       /snap/dbeaver-ce/549/usr/share/dbeaver-ce/jre/lib/libnio.so
782952047000-782952048000 r--p 00015000 07:16 1849                       /snap/dbeaver-ce/549/usr/share/dbeaver-ce/jre/lib/libnio.so
782952048000-782952049000 rw-p 00016000 07:16 1849                       /snap/dbeaver-ce/549/usr/share/dbeaver-ce/jre/lib/libnio.so
782952049000-78295204e000 rw-p 00000000 00:00 0 
78295204e000-782952055000 ---p 00000000 00:00 0 
782952055000-782952063000 r--p 00000000 07:16 1837                       /snap/dbeaver-ce/549/usr/share/dbeaver-ce/jre/lib/libjava.so
782952063000-782952071000 r-xp 0000e000 07:16 1837                       /snap/dbeaver-ce/549/usr/share/dbeaver-ce/jre/lib/libjava.so
782952071000-782952076000 r--p 0001c000 07:16 1837                       /snap/dbeaver-ce/549/usr/share/dbeaver-ce/jre/lib/libjava.so
782952076000-782952077000 r--p 00021000 07:16 1837                       /snap/dbeaver-ce/549/usr/share/dbeaver-ce/jre/lib/libjava.so
782952077000-782952078000 rw-p 00022000 07:16 1837                       /snap/dbeaver-ce/549/usr/share/dbeaver-ce/jre/lib/libjava.so
782952078000-782952079000 rw-p 00000000 00:00 0 
782952079000-78295207d000 r--p 00000000 07:16 1840                       /snap/dbeaver-ce/549/usr/share/dbeaver-ce/jre/lib/libjimage.so
78295207d000-782952095000 r-xp 00004000 07:16 1840                       /snap/dbeaver-ce/549/usr/share/dbeaver-ce/jre/lib/libjimage.so
782952095000-78295209b000 r--p 0001c000 07:16 1840                       /snap/dbeaver-ce/549/usr/share/dbeaver-ce/jre/lib/libjimage.so
78295209b000-78295209d000 r--p 00021000 07:16 1840                       /snap/dbeaver-ce/549/usr/share/dbeaver-ce/jre/lib/libjimage.so
78295209d000-78295209e000 rw-p 00023000 07:16 1840                       /snap/dbeaver-ce/549/usr/share/dbeaver-ce/jre/lib/libjimage.so
78295209e000-78295209f000 r--p 00000000 103:02 19163631                  /usr/lib/x86_64-linux-gnu/librt.so.1
78295209f000-7829520a0000 r-xp 00001000 103:02 19163631                  /usr/lib/x86_64-linux-gnu/librt.so.1
7829520a0000-7829520a1000 r--p 00002000 103:02 19163631                  /usr/lib/x86_64-linux-gnu/librt.so.1
7829520a1000-7829520a2000 r--p 00002000 103:02 19163631                  /usr/lib/x86_64-linux-gnu/librt.so.1
7829520a2000-7829520a3000 rw-p 00003000 103:02 19163631                  /usr/lib/x86_64-linux-gnu/librt.so.1
7829520a3000-7829520a5000 rw-p 00000000 00:00 0 
7829520a5000-7829520a6000 r--p 00000000 103:02 19163629                  /usr/lib/x86_64-linux-gnu/libpthread.so.0
7829520a6000-7829520a7000 r-xp 00001000 103:02 19163629                  /usr/lib/x86_64-linux-gnu/libpthread.so.0
7829520a7000-7829520a8000 r--p 00002000 103:02 19163629                  /usr/lib/x86_64-linux-gnu/libpthread.so.0
7829520a8000-7829520a9000 r--p 00002000 103:02 19163629                  /usr/lib/x86_64-linux-gnu/libpthread.so.0
7829520a9000-7829520aa000 rw-p 00003000 103:02 19163629                  /usr/lib/x86_64-linux-gnu/libpthread.so.0
7829520aa000-7829520ab000 r--p 00000000 103:02 19163579                  /usr/lib/x86_64-linux-gnu/libdl.so.2
7829520ab000-7829520ac000 r-xp 00001000 103:02 19163579                  /usr/lib/x86_64-linux-gnu/libdl.so.2
7829520ac000-7829520ad000 r--p 00002000 103:02 19163579                  /usr/lib/x86_64-linux-gnu/libdl.so.2
7829520ad000-7829520ae000 r--p 00002000 103:02 19163579                  /usr/lib/x86_64-linux-gnu/libdl.so.2
7829520ae000-7829520af000 rw-p 00003000 103:02 19163579                  /usr/lib/x86_64-linux-gnu/libdl.so.2
7829520af000-7829520b0000 r--s 00000000 103:02 25690504                  /var/cache/fontconfig/3f7329c5293ffd510edef78f73874cfd-le64.cache-9
7829520b0000-7829520b1000 r--s 00000000 00:3b 252                        /run/user/1001/dconf/user
7829520b1000-7829520b2000 r--p 00000000 103:02 19409867                  /usr/share/locale-langpack/en/LC_MESSAGES/gtk30.mo
7829520b2000-7829520ba000 rw-s 00000000 103:02 2229664                   /tmp/hsperfdata_ducpv1/96833
7829520ba000-7829520bb000 ---p 00000000 00:00 0 
7829520bb000-7829520bc000 r--p 00000000 00:00 0 
7829520bc000-7829520bd000 ---p 00000000 00:00 0 
7829520bd000-7829520c0000 r--p 00000000 07:16 1841                       /snap/dbeaver-ce/549/usr/share/dbeaver-ce/jre/lib/libjli.so
7829520c0000-7829520d1000 r-xp 00003000 07:16 1841                       /snap/dbeaver-ce/549/usr/share/dbeaver-ce/jre/lib/libjli.so
7829520d1000-7829520d8000 r--p 00014000 07:16 1841                       /snap/dbeaver-ce/549/usr/share/dbeaver-ce/jre/lib/libjli.so
7829520d8000-7829520d9000 r--p 0001a000 07:16 1841                       /snap/dbeaver-ce/549/usr/share/dbeaver-ce/jre/lib/libjli.so
7829520d9000-7829520da000 rw-p 0001b000 07:16 1841                       /snap/dbeaver-ce/549/usr/share/dbeaver-ce/jre/lib/libjli.so
7829520da000-7829520dc000 rw-p 00000000 00:00 0 
7829520dc000-7829520e0000 r--p 00000000 00:00 0                          [vvar]
7829520e0000-7829520e2000 r--p 00000000 00:00 0                          [vvar_vclock]
7829520e2000-7829520e4000 r-xp 00000000 00:00 0                          [vdso]
7829520e4000-7829520e5000 r--p 00000000 103:02 19163554                  /usr/lib/x86_64-linux-gnu/ld-linux-x86-64.so.2
7829520e5000-782952110000 r-xp 00001000 103:02 19163554                  /usr/lib/x86_64-linux-gnu/ld-linux-x86-64.so.2
782952110000-78295211a000 r--p 0002c000 103:02 19163554                  /usr/lib/x86_64-linux-gnu/ld-linux-x86-64.so.2
78295211a000-78295211c000 r--p 00036000 103:02 19163554                  /usr/lib/x86_64-linux-gnu/ld-linux-x86-64.so.2
78295211c000-78295211e000 rw-p 00038000 103:02 19163554                  /usr/lib/x86_64-linux-gnu/ld-linux-x86-64.so.2
7ffebc038000-7ffebc05a000 rw-p 00000000 00:00 0                          [stack]
ffffffffff600000-ffffffffff601000 --xp 00000000 00:00 0                  [vsyscall]
Total number of mappings: 964

JVMTI agents: none


VM Arguments:
jvm_args: -XX:+IgnoreUnrecognizedVMOptions -Dosgi.requiredJavaVersion=21 -Dfile.encoding=UTF-8 --sun-misc-unsafe-memory-access=allow --enable-native-access=ALL-UNNAMED --add-modules=ALL-DEFAULT --add-opens=java.base/java.io=ALL-UNNAMED --add-opens=java.base/java.lang=ALL-UNNAMED --add-opens=java.base/java.lang.reflect=ALL-UNNAMED --add-opens=java.base/java.net=ALL-UNNAMED --add-opens=java.base/java.nio=ALL-UNNAMED --add-opens=java.base/java.nio.charset=ALL-UNNAMED --add-opens=java.base/java.text=ALL-UNNAMED --add-opens=java.base/java.time=ALL-UNNAMED --add-opens=java.base/java.util=ALL-UNNAMED --add-opens=java.base/java.util.concurrent=ALL-UNNAMED --add-opens=java.base/java.util.concurrent.atomic=ALL-UNNAMED --add-opens=java.base/jdk.internal.vm=ALL-UNNAMED --add-opens=java.base/jdk.internal.misc=ALL-UNNAMED --add-opens=java.base/sun.nio.ch=ALL-UNNAMED --add-opens=java.base/sun.nio.fs=ALL-UNNAMED --add-opens=java.base/sun.security.ssl=ALL-UNNAMED --add-opens=java.base/sun.security.util=ALL-UNNAMED --add-opens=java.security.jgss/sun.security.jgss=ALL-UNNAMED --add-opens=java.security.jgss/sun.security.krb5=ALL-UNNAMED --add-opens=java.desktop/java.awt=ALL-UNNAMED --add-opens=java.desktop/java.awt.peer=ALL-UNNAMED --add-opens=java.sql/java.sql=ALL-UNNAMED -Xms64m -Xmx1024m -Ddbeaver.distribution.type=deb -Duser.home=/home/ducpv1/snap/dbeaver-ce/549 
java_command: /snap/dbeaver-ce/549/usr/share/dbeaver-ce//plugins/org.jkiss.dbeaver.launcher_1.0.60.202608301738.jar -os linux -ws gtk -arch x86_64 -showsplash -launcher /snap/dbeaver-ce/549/usr/share/dbeaver-ce/dbeaver -name Dbeaver --launcher.library /snap/dbeaver-ce/549/usr/share/dbeaver-ce//plugins/org.eclipse.equinox.launcher.gtk.linux.x86_64_1.2.1500.v20250801-0854/eclipse_11916.so -startup /snap/dbeaver-ce/549/usr/share/dbeaver-ce//plugins/org.jkiss.dbeaver.launcher_1.0.60.202608301738.jar --launcher.overrideVmargs -exitdata 21 -vm /snap/dbeaver-ce/549/usr/share/dbeaver-ce/jre/bin/java -vmargs -XX:+IgnoreUnrecognizedVMOptions -Dosgi.requiredJavaVersion=21 -Dfile.encoding=UTF-8 --sun-misc-unsafe-memory-access=allow --enable-native-access=ALL-UNNAMED --add-modules=ALL-DEFAULT --add-opens=java.base/java.io=ALL-UNNAMED --add-opens=java.base/java.lang=ALL-UNNAMED --add-opens=java.base/java.lang.reflect=ALL-UNNAMED --add-opens=java.base/java.net=ALL-UNNAMED --add-opens=java.base/java.nio=ALL-UNNAMED --add-opens=java.base/java.nio.charset=ALL-UNNAMED --add-opens=java.base/java.text=ALL-UNNAMED --add-opens=java.base/java.time=ALL-UNNAMED --add-opens=java.base/java.util=ALL-UNNAMED --add-opens=java.base/java.util.concurrent=ALL-UNNAMED --add-opens=java.base/java.util.concurrent.atomic=ALL-UNNAMED --add-opens=java.base/jdk.internal.vm=ALL-UNNAMED --add-opens=java.base/jdk.internal.misc=ALL-UNNAMED --add-opens=java.base/sun.nio.ch=ALL-UNNAMED --add-opens=java.base/sun.nio.fs=ALL-UNNAMED --add-opens=java.base/sun.security.ssl=ALL-UNNAMED --add-opens=java.base/sun.security.util=ALL-UNNAMED --add-opens=java.security.jgss/sun.security.jgss=ALL-UNNAMED --add-opens=java.security.jgss/sun.security.krb5=ALL-UNNAMED --add-opens=java.desktop/java.awt=ALL-UNNAMED --add-opens=java.desktop/java.awt.peer=ALL-UNNAMED --add-opens=java.sql/java.sql=ALL-UNNAMED -Xms64m -Xmx1024m -Ddbeaver.distribution.type=deb -jar /snap/dbeaver-ce/549/usr/share/dbeaver-ce//plugins/org.jkiss.dbeaver.lau
java_class_path (initial): /snap/dbeaver-ce/549/usr/share/dbeaver-ce//plugins/org.jkiss.dbeaver.launcher_1.0.60.202608301738.jar
Launcher Type: SUN_STANDARD

[Global flags]
     intx CICompilerCount                          = 4                                         {product} {ergonomic}
     uint ConcGCThreads                            = 2                                         {product} {ergonomic}
     uint G1ConcRefinementThreads                  = 8                                         {product} {ergonomic}
   size_t G1HeapRegionSize                         = 1048576                                   {product} {ergonomic}
     bool IgnoreUnrecognizedVMOptions              = true                                      {product} {command line}
   size_t InitialHeapSize                          = 67108864                                  {product} {command line}
   size_t MarkStackSize                            = 4194304                                   {product} {ergonomic}
   size_t MarkStackSizeMax                         = 536870912                                 {product} {ergonomic}
   size_t MaxHeapSize                              = 1073741824                                {product} {command line}
   size_t MaxNewSize                               = 643825664                                 {product} {ergonomic}
   size_t MinHeapDeltaBytes                        = 1048576                                   {product} {ergonomic}
   size_t MinHeapSize                              = 67108864                                  {product} {command line}
    uintx NonNMethodCodeHeapSize                   = 5840896                                {pd product} {ergonomic}
    uintx NonProfiledCodeHeapSize                  = 122912768                              {pd product} {ergonomic}
    uintx ProfiledCodeHeapSize                     = 122912768                              {pd product} {ergonomic}
    uintx ReservedCodeCacheSize                    = 251666432                              {pd product} {ergonomic}
     bool SegmentedCodeCache                       = true                                      {product} {ergonomic}
   size_t SoftMaxHeapSize                          = 1073741824                             {manageable} {ergonomic}
     bool UseCompressedOops                        = true                           {product lp64_product} {ergonomic}
     bool UseG1GC                                  = true                                      {product} {ergonomic}

Logging:
Log output configuration:
 #0: stdout all=warning uptime,level,tags foldmultilines=false
 #1: stderr all=off uptime,level,tags foldmultilines=false

Release file:
JAVA_VERSION="25.0.3"
MODULES="java.base java.compiler java.datatransfer java.xml java.prefs java.desktop java.logging java.management java.security.sasl java.naming java.rmi java.management.rmi java.net.http java.scripting java.security.jgss java.transaction.xa java.sql java.sql.rowset jdk.accessibility jdk.internal.jvmstat jdk.attach jdk.charsets jdk.crypto.cryptoki jdk.crypto.ec jdk.dynalink jdk.httpserver jdk.jcmd jdk.localedata jdk.management jdk.naming.dns jdk.naming.rmi jdk.net jdk.security.auth jdk.security.jgss jdk.unsupported jdk.xml.dom"

Environment Variables:
_JAVA_OPTIONS=-Duser.home=/home/ducpv1/snap/dbeaver-ce/549
PATH=/home/ducpv1/.nvm/versions/node/v24.21.0/bin:/usr/local/sbin:/usr/local/bin:/usr/sbin:/usr/bin:/sbin:/bin:/usr/games:/usr/local/games:/snap/bin:/snap/bin
USERNAME=ducpv1
SHELL=/bin/bash
DISPLAY=:0
WAYLAND_DISPLAY=wayland-0
LANG=en_US.UTF-8
TERM=xterm-256color

Active Locale:
LC_ALL=en_US.UTF-8
LC_COLLATE=en_US.UTF-8
LC_CTYPE=en_US.UTF-8
LC_MESSAGES=en_US.UTF-8
LC_MONETARY=en_US.UTF-8
LC_NUMERIC=en_US.UTF-8
LC_TIME=en_US.UTF-8

Signal Handlers:
   SIGSEGV: crash_handler in libjvm.so, mask=11100100010111111101111111111110, flags=SA_RESTART|SA_SIGINFO, unblocked
    SIGBUS: crash_handler in libjvm.so, mask=11100100010111111101111111111110, flags=SA_RESTART|SA_SIGINFO, unblocked
    SIGFPE: crash_handler in libjvm.so, mask=11100100010111111101111111111110, flags=SA_RESTART|SA_SIGINFO, unblocked
   SIGPIPE: SIG_IGN, mask=00000000000010000000000000000000, flags=SA_RESTART, blocked
  *** Handler was modified!
  *** Expected: javaSignalHandler in libjvm.so, mask=11100100110111111111111111111110, flags=SA_RESTART|SA_SIGINFO
   SIGXFSZ: javaSignalHandler in libjvm.so, mask=11100100010111111101111111111110, flags=SA_RESTART|SA_SIGINFO, blocked
    SIGILL: crash_handler in libjvm.so, mask=11100100010111111101111111111110, flags=SA_RESTART|SA_SIGINFO, unblocked
   SIGUSR2: SR_handler in libjvm.so, mask=00000000000000000000000000000000, flags=SA_RESTART|SA_SIGINFO, blocked
    SIGHUP: UserHandler in libjvm.so, mask=11100100010111111101111111111110, flags=SA_RESTART|SA_SIGINFO, blocked
    SIGINT: UserHandler in libjvm.so, mask=11100100010111111101111111111110, flags=SA_RESTART|SA_SIGINFO, blocked
   SIGTERM: UserHandler in libjvm.so, mask=11100100010111111101111111111110, flags=SA_RESTART|SA_SIGINFO, blocked
   SIGQUIT: UserHandler in libjvm.so, mask=11100100010111111101111111111110, flags=SA_RESTART|SA_SIGINFO, blocked
   SIGTRAP: crash_handler in libjvm.so, mask=11100100010111111101111111111110, flags=SA_RESTART|SA_SIGINFO, unblocked


Compilation memory statistics disabled.

Periodic native trim disabled

---------------  S Y S T E M  ---------------

OS:
DISTRIB_ID=Ubuntu
DISTRIB_RELEASE=24.04
DISTRIB_CODENAME=noble
DISTRIB_DESCRIPTION="Ubuntu 24.04.2 LTS"
uname: Linux 7.0.0-31-generic #31~24.04.1-Ubuntu SMP PREEMPT_DYNAMIC Mon Aug 10 09:38:02 UTC 2 x86_64
OS uptime: 0 days 5:33 hours
libc: glibc 2.39 NPTL 2.39 
rlimit (soft/hard): STACK 8192k/infinity , CORE 0k/infinity , NPROC 55714/55714 , NOFILE 1048576/1048576 , AS infinity/infinity , CPU infinity/infinity , DATA infinity/infinity , FSIZE infinity/infinity , MEMLOCK 2016080k/2016080k
load average: 0.55 0.38 0.45

/proc/meminfo:
MemTotal:       16128648 kB
MemFree:         3567248 kB
MemAvailable:    7802480 kB
Buffers:          192628 kB
Cached:          5061736 kB
SwapCached:            0 kB
Active:          8674536 kB
Inactive:        2572712 kB
Active(anon):    6868416 kB
Inactive(anon):        0 kB
Active(file):    1806120 kB
Inactive(file):  2572712 kB
Unevictable:      540256 kB
Mlocked:              32 kB
SwapTotal:       4194300 kB
SwapFree:        4194300 kB
Zswap:                 0 kB
Zswapped:              0 kB
Dirty:              1956 kB
Writeback:             0 kB
AnonPages:       6533628 kB
Mapped:          1540644 kB
Shmem:            875560 kB
KReclaimable:     202396 kB
Slab:             429592 kB
SReclaimable:     202396 kB
SUnreclaim:       227196 kB
KernelStack:       23392 kB
PageTables:        84432 kB
SecPageTables:         0 kB
NFS_Unstable:          0 kB
Bounce:                0 kB
WritebackTmp:          0 kB
CommitLimit:    12258624 kB
Committed_AS:   32126456 kB
VmallocTotal:   34359738367 kB
VmallocUsed:       61628 kB
VmallocChunk:          0 kB
Percpu:             8032 kB
HardwareCorrupted:     0 kB
AnonHugePages:      2048 kB
ShmemHugePages:   512000 kB
ShmemPmdMapped:        0 kB
FileHugePages:     63488 kB
FilePmdMapped:         0 kB
CmaTotal:              0 kB
CmaFree:         1700144 kB
Unaccepted:            0 kB
Balloon:               0 kB
HugePages_Total:       0
HugePages_Free:        0
HugePages_Rsvd:        0
HugePages_Surp:        0
Hugepagesize:       2048 kB
Hugetlb:               0 kB
DirectMap4k:      220732 kB
DirectMap2M:     4777984 kB
DirectMap1G:    11534336 kB

/sys/kernel/mm/transparent_hugepage/enabled: always [madvise] never
/sys/kernel/mm/transparent_hugepage/hpage_pmd_size: 2097152
/sys/kernel/mm/transparent_hugepage/shmem_enabled: always within_size advise [never] deny force
/sys/kernel/mm/transparent_hugepage/defrag (defrag/compaction efforts parameter): always defer defer+madvise [madvise] never

Process Memory:
Virtual Size: 6911504K (peak: 6911560K)
Resident Set Size: 380568K (peak: 437012K) (anon: 322592K, file: 57724K, shmem: 252K)
Swapped out: 0K
C-Heap outstanding allocations: 100608K, retained: 91463K
glibc malloc tunables: (default)

/proc/sys/kernel/threads-max (system-wide limit on the number of threads): 111429
/proc/sys/vm/max_map_count (maximum number of memory map areas a process may have): 1048576
/proc/sys/vm/swappiness (control to define how aggressively the kernel swaps out anonymous memory): 60
/proc/sys/kernel/pid_max (system-wide limit on number of process identifiers): 4194304

container information not found.
Steal ticks since vm start: 0
Steal ticks percentage since vm start:  0.000

CPU: total 8 (initial active 8) (4 cores per cpu, 2 threads per core) family 6 model 191 stepping 5 microcode 0x3e, cx8, cmov, fxsr, ht, mmx, 3dnowpref, sse, sse2, sse3, ssse3, sse4.1, sse4.2, popcnt, lzcnt, tsc, tscinvbit, avx, avx2, aes, erms, clmul, bmi1, bmi2, adx, sha, fma, vzeroupper, clflush, clflushopt, clwb, serialize, rdtscp, rdpid, fsrm, gfni, f16c, pku, ospke, cet_ibt, cet_ss
CPU Model and flags from /proc/cpuinfo:
model name	: Intel(R) Core(TM) i3-14100
flags		: fpu vme de pse tsc msr pae mce cx8 apic sep mtrr pge mca cmov pat pse36 clflush dts acpi mmx fxsr sse sse2 ss ht tm pbe syscall nx pdpe1gb rdtscp lm constant_tsc art arch_perfmon pebs bts rep_good nopl xtopology nonstop_tsc cpuid aperfmperf tsc_known_freq pni pclmulqdq dtes64 monitor ds_cpl vmx est tm2 ssse3 sdbg fma cx16 xtpr pdcm pcid sse4_1 sse4_2 x2apic movbe popcnt tsc_deadline_timer aes xsave avx f16c rdrand lahf_lm abm 3dnowprefetch cpuid_fault ssbd ibrs ibpb stibp ibrs_enhanced tpr_shadow flexpriority ept vpid ept_ad fsgsbase tsc_adjust bmi1 avx2 smep bmi2 erms invpcid rdseed adx smap clflushopt clwb intel_pt sha_ni xsaveopt xsavec xgetbv1 xsaves split_lock_detect user_shstk avx_vnni dtherm ida arat pln pts hwp hwp_notify hwp_act_window hwp_epp hwp_pkg_req hfi vnmi umip pku ospke waitpkg gfni vaes vpclmulqdq rdpid movdiri movdir64b fsrm md_clear serialize arch_lbr ibt flush_l1d arch_capabilities

Online cpus: 0-7
Offline cpus: 
BIOS frequency limitation: <Not Available>
Frequency switch latency (ns): 0
Available cpu frequencies: <Not Available>
Current governor: powersave
Core performance/turbo boost: <Not Available>

Memory: 4k page, physical 16128648k(7802480k free), swap 4194300k(4194300k free)
Page Sizes: 4k

vm_info: OpenJDK 64-Bit Server VM (25.0.3+9-LTS) for linux-amd64 JRE (25.0.3+9-LTS), built on 2026-04-21T00:00:00Z with gcc 14.2.0

END.
